ID,Probability
0,0.874084267541886
1,0.8364107106657817
2,0.9415662612944203
3,0.8958892243936987
4,0.6088188346009344
5,0.38210116258789906
6,0.6689467717319605
7,0.8784863760970276
8,0.884557858133154
9,0.8475726280955536
10,0.368396027323288
11,0.5333320075734571
12,0.914827892896139
13,0.8024469966750982
14,0.3503767257426996
15,0.7844018649648629
16,0.6678485279523247
17,0.6757604661943841
18,0.3790236919030196
19,0.828428561738478
20,0.821932345238004
21,0.6345045970963157
22,0.8635795700124892
23,0.4830815454232126
24,0.9111896995181584
25,0.7557362288117003
26,0.8683539169435653
27,0.5188183634853529
28,0.5682904107081101
29,0.855930368299707
30,0.8882902205677718
31,0.7700262876945888
32,0.7375485870231515
33,0.89688319362954
34,0.8989823248605947
35,0.6440444826456059
36,0.8055868017315453
37,0.2659854673752033
38,0.9279067434629096
39,0.8286657258079267
40,0.8703245942496838
41,0.44143894032527803
42,0.841461930793819
43,0.8345032478463279
44,0.22664892356128571
45,0.8003465929670512
46,0.8860038389904646
47,0.8565653554050827
48,0.9136708673754986
49,0.8991103893169019
50,0.6185720810968143
51,0.8012863963609275
52,0.58868793185397
53,0.9341328118968242
54,0.36544002808614384
55,0.3596417378341095
56,0.3819431120806106
57,0.8954575657275402
58,0.5449851343881676
59,0.9168631539703243
60,0.48140804092202316
61,0.8499320771691999
62,0.6070404859741234
63,0.8908235221186473
64,0.910383331496122
65,0.4342099964400586
66,0.552757689296459
67,0.9252863330671107
68,0.6265151923141511
69,0.820871691577349
70,0.47664081608526127
71,0.8763448363629811
72,0.29667912046951
73,0.8727322541290029
74,0.9434148250690283
75,0.6192277390733735
76,0.8213892110854522
77,0.5665570118062754
78,0.6954362919046161
79,0.8975433708624582
80,0.8788491575764003
81,0.9108458813442584
82,0.9106062788564107
83,0.7837068519702631
84,0.832192960106193
85,0.8546318578883241
86,0.682053636284779
87,0.63235745367422
88,0.9222104714747794
89,0.8156812329122476
90,0.5847379006032684
91,0.5779879822584882
92,0.39220583929172764
93,0.9065803872560173
94,0.6517988044583264
95,0.433543210335967
96,0.8663292845451869
97,0.6857997143226712
98,0.8518230880489159
99,0.592818559700991
100,0.8730610787649656
101,0.8351391272910295
102,0.9410544503469543
103,0.8950219420433757
104,0.606610225755313
105,0.3799162383691879
106,0.6668919014338206
107,0.8774939452709257
108,0.8836084446880904
109,0.8463718705435853
110,0.3662430207569685
111,0.5310255018491691
112,0.9141032504176319
113,0.8009742321141062
114,0.34827096035192373
115,0.7828309808483617
116,0.6657902465300779
117,0.6737272609053482
118,0.376845632793917
119,0.827107758179821
120,0.8205723635242608
121,0.6323534359481068
122,0.8624844497068658
123,0.48076847336658407
124,0.9104371337732692
125,0.7540219786189686
126,0.8672912331871552
127,0.5165051546155489
128,0.5660160904658053
129,0.8547841692072229
130,0.8873675941134387
131,0.768381589217876
132,0.7357513261785158
133,0.8960232304289123
134,0.8981378795531444
135,0.6419177824079372
136,0.8041317310552636
137,0.2641806353736693
138,0.9272845308615594
139,0.8273463674956082
140,0.869275423532311
141,0.4391558637123255
142,0.8402221102896393
143,0.8332197941714193
144,0.22502917846793435
145,0.7988620947358056
146,0.8850647723233737
147,0.8554233548661229
148,0.9129373177810017
149,0.8982668934017767
150,0.6163838415246663
151,0.7998071380463175
152,0.5864428700215173
153,0.9335604868803487
154,0.3632943603377411
155,0.35751093390040634
156,0.3797585361746994
157,0.8945871105980112
158,0.5426868380865612
159,0.9161542404085119
160,0.47909555517685115
161,0.8487465894552932
162,0.6048283536885282
163,0.8899192256959662
164,0.9096246104328565
165,0.43193539553106275
166,0.5504662690902555
167,0.9246433412552183
168,0.6243448481045203
169,0.8195053880737099
170,0.47433028482993433
171,0.8753373970742532
172,0.2947496508099964
173,0.8716996915343163
174,0.942918223787171
175,0.6170409322455522
176,0.8200259895141804
177,0.5642805612846523
178,0.693470501154525
179,0.8966882791440063
180,0.8778592777221409
181,0.9100906896122752
182,0.9098492584175375
183,0.7821323103938983
184,0.8308952204340538
185,0.8534770964972425
186,0.680041208813938
187,0.6302010204645268
188,0.9215432530859738
189,0.8142842961066555
190,0.5824865695823654
191,0.5757266089344163
192,0.3899996039699821
193,0.9057928011040306
194,0.6496932341586276
195,0.4312694398996313
196,0.8652527934872157
197,0.6838000052392029
198,0.8506499137342981
199,0.5905803636706113
200,0.8720307928370956
201,0.8338596231859217
202,0.940538439637135
203,0.894148288529778
204,0.6043972498255227
205,0.37773617019341527
206,0.6648306670441414
207,0.876494548557164
208,0.8826522589700452
209,0.8451633819407164
210,0.3640953434727935
211,0.5287176698213119
212,0.9133730264960904
213,0.7994932314831626
214,0.3461711066747376
215,0.7812518429056954
216,0.6637256325956686
217,0.6716875003024718
218,0.37467253811027235
219,0.8257789250580682
220,0.8192042797475484
221,0.6301969929537181
222,0.8613819493930346
223,0.478456225391696
224,0.9096788230241359
225,0.7522996409411927
226,0.8662212927228322
227,0.5141912382145418
228,0.5637389865913044
229,0.8536304105143104
230,0.8864383217363837
231,0.7667286916651097
232,0.7339461974205346
233,0.8951569337602974
234,0.8972871817325173
235,0.6397854825418351
236,0.8026684376505279
237,0.2623836722574028
238,0.9266573726112983
239,0.8260189825377153
240,0.8682190495462512
241,0.436875359503632
242,0.8389744494053689
243,0.8319283917527578
244,0.22341766476303715
245,0.797369353237215
246,0.8841189816669859
247,0.8542738088032692
248,0.912198134106975
249,0.8974171499717444
250,0.6141908780512503
251,0.798319639514396
252,0.5841942094516314
253,0.932983545658873
254,0.36115412064087793
255,0.35538574816221596
256,0.377578821906769
257,0.8937102680622981
258,0.5403867232714679
259,0.9154398394044687
260,0.47678396495797176
261,0.8475534165054842
262,0.60261192053036
263,0.889008372323412
264,0.9088601088861417
265,0.42966366142277995
266,0.548172705234574
267,0.9239952703475511
268,0.6221694977693515
269,0.8181309720174121
270,0.4720208522625735
271,0.8743229270907391
272,0.29282750503632027
273,0.8706599929957582
274,0.9424175302581907
275,0.6148493779273151
276,0.8186546604615275
277,0.5620013978159548
278,0.6914976508726032
279,0.8958268792204587
280,0.8768624431377686
281,0.9093297377143074
282,0.9090864672766902
283,0.7805495162643943
284,0.8295894997823136
285,0.852314747185077
286,0.6780220568138254
287,0.6280393786751526
288,0.9208708028593956
289,0.8128792007970249
290,0.5802317950673496
291,0.5734620604160724
292,0.3877978607384005
293,0.9049992708957493
294,0.6475818156974175
295,0.42899856323850044
296,0.8641689923719397
297,0.6817934743834416
298,0.8494690923659515
299,0.5883384080412879
300,0.8709933803347356
301,0.8325721795347671
302,0.9400181996771341
303,0.8932682312959231
304,0.6021799890940303
305,0.37556103513179384
306,0.6627631278179422
307,0.8754881556983597
308,0.881689269733154
309,0.8439471397450762
310,0.3619530675301324
311,0.5264086094673194
312,0.9126371880975159
313,0.7980039895912602
314,0.34407722958398534
315,0.7796644542161267
316,0.6616547458891082
317,0.6696412405887762
318,0.372504483834438
319,0.824442046475798
320,0.8178280805257431
321,0.6280353415173274
322,0.860272042010721
323,0.47614490023101413
324,0.908914734150093
325,0.7505692328463718
326,0.8651440673530089
327,0.511876713300627
328,0.56145919186821
329,0.8524690671899622
330,0.8855023716799866
331,0.7650676050362057
332,0.7321332269447808
333,0.8942842709865997
334,0.8964301986116573
335,0.6376476527681493
336,0.8011969149481192
337,0.26059460328785766
338,0.9260252367475422
339,0.8246835549473
340,0.8671554436548253
341,0.4345975210523774
342,0.8377189275851692
343,0.830629022453793
344,0.22181438848910884
345,0.7958683642133212
346,0.8831664355686165
347,0.853116692007724
348,0.9114532832822465
349,0.8965611262314521
350,0.6119932697755276
351,0.7968238960886513
352,0.5819420382138266
353,0.9324019572167412
354,0.3590193799205712
355,0.35326624926740136
356,0.375404046292642
357,0.8928270056000143
358,0.5380848866060481
359,0.9147199180116418
360,0.47447336888525166
361,0.8463525350477865
362,0.6003912693365581
363,0.8880909299412258
364,0.9080897937280039
365,0.42739488600196085
366,0.5458770932821144
367,0.9233420880670338
368,0.6199892176426093
369,0.8167484304481678
370,0.46971261663401986
371,0.8733013965487013
372,0.29091272354456654
373,0.869613129364964
374,0.9419127154432557
375,0.612653154995138
376,0.817275210761003
377,0.5597196145286267
378,0.6895177880808341
379,0.8949591384047314
380,0.8758586235015012
381,0.9085629925260498
382,0.9083178723074881
383,0.7789584729898165
384,0.8282757808525532
385,0.8511447852894933
386,0.6759962336066341
387,0.6258726025118931
388,0.9201930882150556
389,0.8114659361299335
390,0.5779736661334499
391,0.5711944273950932
392,0.385600690087113
393,0.9041997635257667
394,0.6454646156620909
395,0.42673067209641247
396,0.8630778534715159
397,0.6797801733366114
398,0.8482806001020696
399,0.5860927797843821
400,0.8910548997898335
401,0.8576318817461086
402,0.9499624789827661
403,0.910222880941614
404,0.6471072848911114
405,0.4214945077845811
406,0.7042092743388239
407,0.8949350177215407
408,0.9002779305917209
409,0.8675750969492513
410,0.40730781262757115
411,0.5738371575928843
412,0.9267672692574587
413,0.8271635898593115
414,0.38855610633009224
415,0.8108439592217391
416,0.7031761047630171
417,0.7106111705666108
418,0.41831455514844607
419,0.8505001168254085
420,0.8446829168825328
421,0.6716349222237952
422,0.8817745053142213
423,0.5240560120040015
424,0.9235964821433132
425,0.7847291799452148
426,0.8859961411006656
427,0.5595428845847227
428,0.6079915336416648
429,0.8749978346152613
430,0.9035574606174985
431,0.7977769427852469
432,0.7680377166465971
433,0.9110935839159262
434,0.9129315195094891
435,0.6806933716924596
436,0.8299937876313586
437,0.2992044451027952
438,0.9381367129686279
439,0.8507122692868843
440,0.8877368659332269
441,0.48217601328385407
442,0.8621358508919919
443,0.8559292379864318
444,0.25667306166185727
445,0.8252687536346883
446,0.9015489235531285
447,0.8755609999316796
448,0.9257592726541466
449,0.91304361050123
450,0.6564445936241169
451,0.8261167314813466
452,0.6277419925967581
453,0.9435330707754994
454,0.40423941801453334
455,0.39821183611187094
456,0.42133127363679956
457,0.9098446712155495
458,0.5852653674856789
459,0.9285395145590267
460,0.5223840083341152
461,0.8696725335576483
462,0.645401618648625
463,0.9057812619587875
464,0.9228932309533381
465,0.4748470875119525
466,0.5928638823417992
467,0.9358624350748092
468,0.6640273890371277
469,0.8437320121031286
470,0.5176160198752412
471,0.8930480739394447
472,0.3319976017802269
473,0.8898621470768149
474,0.9515590918170814
475,0.6570712417060887
476,0.8441960215556809
477,0.6063071100682709
478,0.7290202035985458
479,0.9116717428529025
480,0.8952545467512499
481,0.92329665205885
482,0.9230876856163565
483,0.8102135624144959
484,0.8538656738628102
485,0.8738458510662156
486,0.7165116868955722
487,0.6695923194361767
488,0.9331905394883825
489,0.8390740990513618
490,0.6239274193782144
491,0.6173977063159792
492,0.43191275123707773
493,0.9195742546423359
494,0.6880360356186067
495,0.47417019624216283
496,0.8842066539840929
497,0.7200184338869807
498,0.8713524456500648
499,0.6317257737148448
500,0.8901522835211232
501,0.8564969500903742
502,0.949520266326403
503,0.9094629365509718
504,0.6449887968908153
505,0.41923716038415026
506,0.7022758666508363
507,0.894060726428045
508,0.8994431042909261
509,0.8665070928253582
510,0.40507324293864583
511,0.5715700289059824
512,0.92613600508566
513,0.8258350954948951
514,0.38635735084580797
515,0.809418926900762
516,0.7012388089161006
517,0.7087022988261193
518,0.4160619898847601
519,0.8493183208960191
520,0.843463599641284
521,0.6695884960092227
522,0.8808052856963996
523,0.5217447717380509
524,0.9229401585105866
525,0.783160021426746
526,0.8850570192473172
527,0.5572583834139211
528,0.6057812783546895
529,0.8739809991827274
530,0.9027471231978349
531,0.7962782015970731
532,0.7663831112184553
533,0.9103402838438369
534,0.9121922913416022
535,0.6786763906357176
536,0.8286825417861162
537,0.2972654934432809
538,0.9375968540537096
539,0.8495318537201736
540,0.8868102516053266
541,0.47986325204062863
542,0.8610310060829152
543,0.8547830314270104
544,0.25490947423793675
545,0.8239287949749665
546,0.9007235640851713
547,0.8745480887820035
548,0.9251200216157084
549,0.9123052425911415
550,0.6543522186812968
551,0.8247818950286251
552,0.6255745168752395
553,0.9430374445802989
554,0.40201026412657764
555,0.39599382763161245
556,0.4190741671623666
557,0.9090818451395916
558,0.583014856855386
559,0.9279223389756607
560,0.5200720843707124
561,0.868618883577616
562,0.6432785357438585
563,0.9049876447488712
564,0.9222313749039929
565,0.4725374006161276
566,0.5906257634031578
567,0.9353040980236988
568,0.6619574141853654
569,0.8425066216651763
570,0.5153024308701399
571,0.8921599726748483
572,0.32994619263682295
573,0.8889508803476388
574,0.9511302635339396
575,0.6549806773620058
576,0.8429735925196896
577,0.6040935418618315
578,0.7271861431275919
579,0.910922862550785
580,0.8943826005977715
581,0.9226379685547832
582,0.922427358397678
583,0.80878490087719
584,0.8527058751016712
585,0.8728210068080757
586,0.7146261059493844
587,0.6675394646745529
588,0.9326106176488494
589,0.8378192040077631
590,0.6217511162421605
591,0.6152069204747849
592,0.42964104614962084
593,0.9188864136272349
594,0.6860440436975266
595,0.47186084346062573
596,0.8832547333930324
597,0.7181470023902427
598,0.8703103518125174
599,0.6295678058101254
600,0.8892431185590934
601,0.8553544968908181
602,0.9490743550681774
603,0.9086972046505583
604,0.6428646100180123
605,0.41698318841986093
606,0.7003351991259847
607,0.893180028168357
608,0.8986020763592747
609,0.8654318112857237
610,0.40284260011065215
611,0.5692998917873684
612,0.9254997368592345
613,0.8244985563299434
614,0.38416322030072747
615,0.807985701200686
616,0.6992942759978188
617,0.7067860312161671
618,0.41381292522682034
619,0.8481288510630549
620,0.8422364979795991
621,0.6675356292872133
622,0.8798292032245061
623,0.5194326000807831
624,0.9222786713475829
625,0.7815826085318089
626,0.8841111731453989
627,0.5549714572771757
628,0.6035666867429298
629,0.8729570932155314
630,0.9019307160876907
631,0.7947712102030994
632,0.764720318899932
633,0.9095812345238671
634,0.9114473957625325
635,0.6766527210098315
636,0.8273632859880653
637,0.2953338116173096
638,0.9370526000926707
639,0.8483437685124903
640,0.8858769722669828
641,0.4775513535452066
642,0.859918745686635
643,0.8536292652422367
644,0.25315387748525586
645,0.8225807697069949
646,0.8998920535843011
647,0.8735281236677657
648,0.9244757153397214
649,0.9115612123080178
650,0.6522538510928124
651,0.8234390015766497
652,0.6234019921460127
653,0.9425377330693024
654,0.39978515386758157
655,0.39378008935701825
656,0.4168204425701934
657,0.9083132150352974
658,0.5807608819229234
659,0.9273002504282984
660,0.5177593004210234
661,0.8675580124812617
662,0.6411498090641854
663,0.9041880498941742
664,0.9215643205593962
665,0.47022888869634183
666,0.5883838831092024
667,0.9347412394062172
668,0.6598812182969543
669,0.841273429900825
670,0.5129881857908536
671,0.8912653947487168
672,0.3279012370588895
673,0.8880330225964185
674,0.9506978356940236
675,0.6528841011443611
676,0.8417433703663861
677,0.6018757001874456
678,0.7253443459654081
679,0.9101682585872473
680,0.8935042594253154
681,0.921974106671649
682,0.9217618424746314
683,0.8073480419741942
684,0.8515384720011244
685,0.8717890585064584
686,0.7127330115970844
687,0.6654802273559933
688,0.9320260286195049
689,0.8365564294796106
690,0.619569898064316
691,0.6130114531122277
692,0.4273723006625073
693,0.9181932131928948
694,0.6840451732206029
695,0.4695526944196482
696,0.8822960289284999
697,0.7162679912895186
698,0.8692610831731854
699,0.6274046509985713
700,0.8883273728180855
701,0.8542044966437529
702,0.9486247179885747
703,0.9079256521114557
704,0.6407347927703615
705,0.41473268083468934
706,0.6983873145475842
707,0.8922928904678471
708,0.8977548139303313
709,0.8643492243112423
710,0.40061596927343956
711,0.5670268378576845
712,0.924858432471493
713,0.8231539569473488
714,0.38197379397824294
715,0.8065442732918691
716,0.697342549294499
717,0.7048624073831871
718,0.4115674493104835
719,0.8469316838819121
720,0.8410015902780172
721,0.6654763801174222
722,0.8788462270820432
723,0.5171195957515972
724,0.9216119882023538
725,0.7799969441850471
726,0.8831585713432977
727,0.5526822006068857
728,0.6013478413478104
729,0.8719260871092159
730,0.9011082062654485
731,0.793255965498395
732,0.7630493506653501
733,0.9088164028342555
734,0.9106967996820681
735,0.6746224167644624
736,0.8260360037520341
737,0.29340944124528523
738,0.9365039208381678
739,0.847147990155079
740,0.8849369962325168
741,0.47524041647022164
742,0.8587990430067544
743,0.8524679144014218
744,0.25140629204700166
745,0.8212246631418436
746,0.8990543591161054
747,0.8725010748750192
748,0.9238263216017752
749,0.9108114865642984
750,0.6501495555122638
751,0.8220880361093393
752,0.6212244943026746
753,0.9420339072333546
754,0.39756417147197604
755,0.391570703692706
756,0.41457018876250595
757,0.9075387477721883
758,0.5785035316317564
759,0.9266732170354327
760,0.5154457553093019
761,0.8664898917751924
762,0.6390155077908268
763,0.9033824443058349
764,0.9208920354009089
765,0.46792164984613493
766,0.5861383284189838
767,0.9341738285231556
768,0.6577988627836422
769,0.8400324155007849
770,0.5106733837120219
771,0.8903643078648191
772,0.32586279198309215
773,0.8871085418742284
774,0.9502617815767687
775,0.650781577442799
776,0.840505333634722
777,0.599653668108332
778,0.7234948425936718
779,0.9094078978480378
780,0.8926194907310838
781,0.9213050339286301
782,0.9210911053466625
783,0.8059029771436643
784,0.8503634401195548
785,0.8707499767857059
786,0.7108324405672001
787,0.6634146664495181
788,0.9314367412220789
789,0.8352857557229316
790,0.6173838420959774
791,0.6108113837231414
792,0.4251066061647209
793,0.9174946205535589
794,0.6820394747210183
795,0.4672458471507943
796,0.8813305093965516
797,0.71438143556918
798,0.8682046108735826
799,0.6252363837198401
800,0.8789536560264241
801,0.8424744434190318
802,0.9439932122328828
803,0.9000118353559687
804,0.6194807242915384
805,0.39277927259974554
806,0.6788343535667283
807,0.8832082735707725
808,0.8890736149798092
809,0.8532951928013986
810,0.3789260116067286
811,0.5445120633910322
812,0.9182689807198801
813,0.8094828984173108
814,0.3606857854417404
815,0.7919137919462826
816,0.6777531099525036
817,0.6855402070943626
818,0.389670035878548
819,0.8347297043887576
820,0.8284226554889252
821,0.6448747641430087
822,0.8687942154680368
823,0.49432402764045763
824,0.9147640809390746
825,0.763946365320677
826,0.8734128152925268
827,0.530039734556624
828,0.5792936075640052
829,0.8613904728833015
830,0.8926776922619537
831,0.7778972692376311
832,0.7461647136675484
833,0.9009707957825331
834,0.9029957162132406
835,0.6542914517449393
836,0.8125370023978526
837,0.27486209416788915
838,0.9308593607983405
839,0.8349598935891432
840,0.8753186368446775
841,0.45256076400224277
842,0.8473725969627891
843,0.8406242117865557
844,0.23463242056533962
845,0.8074393500754223
846,0.8904700371484977
847,0.8620052744426782
848,0.9171544676385126
849,0.9031192410342672
850,0.6291300742468133
851,0.808353761240366
852,0.5995375967866512
853,0.936847791757312
854,0.37593581057463865
855,0.3700681077241945
856,0.39261961175945853
857,0.8995953539922305
858,0.556118366805969
859,0.9202291840935587
860,0.4926486945671572
861,0.8555811546661647
862,0.6177204111787093
863,0.8951232440052173
864,0.9139871035582062
865,0.44529488752515256
866,0.5638529416505786
867,0.9283379823715229
868,0.6369823505849102
869,0.8273925425989171
870,0.4878748765031001
871,0.88113869231564
872,0.3061528339450073
873,0.8776466086401771
874,0.9457694209623558
875,0.6297784456890045
876,0.8278951726054438
877,0.5775715482539026
878,0.7048817465509749
879,0.901607674203517
880,0.8835588262910362
881,0.9144328010780405
882,0.9142019304305766
883,0.7912365498930366
884,0.8383828225716448
885,0.8601331330584259
886,0.6917301523185984
887,0.6427542411783755
888,0.9253776211140176
889,0.8223501417328171
890,0.5956201870969888
891,0.58892280229493
892,0.40298216732466785
893,0.9103220234995191
894,0.6619397196539302
895,0.4446244560475601
896,0.8714544681100341
897,0.6954131343059995
898,0.857412923403302
899,0.6036326286068215
900,0.8779645114314585
901,0.8412410471735573
902,0.9435013829870604
903,0.8991750309095888
904,0.6172944724238597
905,0.390571884439344
906,0.676811205032199
907,0.8822492384440883
908,0.8881566440389017
909,0.8521316504773914
910,0.37674817326298826
911,0.5422133847657356
912,0.9175709770156779
913,0.8080500397148528
914,0.3585522593024096
915,0.7903830145569649
916,0.675726403883693
917,0.6835396085272807
918,0.38746897139548103
919,0.8334476564121035
920,0.82710181595179
921,0.642750272882634
922,0.8677345445551248
923,0.49200836149862015
924,0.9140389465639581
925,0.7622716091729036
926,0.8723849669061893
927,0.5277313657780536
928,0.5770341107063344
929,0.860280622678182
930,0.8917868881166653
931,0.7762925079577796
932,0.744406008626737
933,0.9001411264493027
934,0.9021811698372263
935,0.6521929113348718
936,0.81112175374453
937,0.2730194337217606
938,0.930260715996546
939,0.8336792754636273
940,0.8743040361179186
941,0.4502665351599045
942,0.8461705496423335
943,0.839379090562412
944,0.23297280904086026
945,0.8059948055591476
946,0.8895631758232742
947,0.8608995520294939
948,0.9164478117608224
949,0.9023056196798344
950,0.6269658778648647
951,0.8069144360394146
952,0.597311246043543
953,0.9362974486582515
954,0.37376481557680225
955,0.3679110213356402
956,0.39041254397333514
957,0.8987554560965152
958,0.5538302667828842
959,0.9195464543049976
960,0.49033326654485515
961,0.8544326497785737
962,0.6155303224688524
963,0.8942503339415332
964,0.9132559859492061
965,0.4430076852572763
966,0.5615732793001956
967,0.927719201726174
968,0.6348373798321548
969,0.826065438009164
970,0.4855604121457494
971,0.880164968645834
972,0.30418839918529855
973,0.876648282272777
974,0.9452922857161372
975,0.6276157933591305
976,0.8265711224868219
977,0.5753095830819722
978,0.7029508802848508
979,0.90078275306434
980,0.8826022871035412
981,0.9137051142476437
982,0.9134724659971974
983,0.7897021134311035
984,0.8371235833601887
985,0.8590148630719648
986,0.689751112186128
987,0.6406241336807242
988,0.9247353510294751
989,0.8209926559758781
990,0.5933868282324121
991,0.5866781223589218
992,0.40075528276810823
993,0.9095628349471282
994,0.6598634709307089
995,0.4423379513508181
996,0.870413077788316
997,0.6934472599734998
998,0.8562765387661854
999,0.6014139085562962
1000,0.8769684153299361
1001,0.8399998277400383
1002,0.943005495459905
1003,0.8983320143247772
1004,0.6151034639777297
1005,0.38836896735761817
1006,0.6747814176261085
1007,0.8812833867368081
1008,0.8872330544104198
1009,0.8509604917298184
1010,0.37457530276529066
1011,0.5399129075054007
1012,0.9168675518533507
1013,0.8066089791860315
1014,0.3564243174790811
1015,0.7888439787298093
1016,0.6736930881394864
1017,0.6815321948389786
1018,0.38527249146824344
1019,0.8321576629511525
1020,0.8257729467791471
1021,0.6406201549533059
1022,0.8666676287442991
1023,0.48969303822273624
1024,0.913308227827692
1025,0.7605886946415181
1026,0.8713500020141483
1027,0.5254218105949976
1028,0.5747713864723467
1029,0.8591633388248084
1030,0.8908895938014182
1031,0.7746795102792575
1032,0.742639321174703
1033,0.8993052829841062
1034,0.901360530849974
1035,0.6500884448207411
1036,0.8096983230538335
1037,0.2711845066038069
1038,0.9296572795981983
1039,0.8323907151852847
1040,0.8732823742802943
1041,0.4479744194666442
1042,0.8449607674796312
1043,0.8381261150093613
1044,0.23132138845408554
1045,0.8045420476494265
1046,0.8886497449764905
1047,0.8597864108500108
1048,0.9157356820431417
1049,0.9014859107429174
1050,0.6247965841902784
1051,0.8054669024556999
1052,0.5950808774565204
1053,0.9357426385184097
1054,0.37159889254545847
1055,0.3657592078251739
1056,0.3882099531198476
1057,0.8979093296757489
1058,0.551539883460128
1059,0.9188583965072975
1060,0.48801825320616793
1061,0.8532765776128253
1062,0.6133355405757605
1063,0.8933710239443516
1064,0.9125192485895929
1065,0.44072289698437955
1066,0.5592910146618216
1067,0.927095497687475
1068,0.6326870434673393
1069,0.8247302913363908
1070,0.4832465669327858
1071,0.8791843618640119
1072,0.30223107874961774
1073,0.87564296438949
1074,0.9448111974707014
1075,0.6254480212689255
1076,0.8252390363136165
1077,0.5730444593873146
1078,0.701012739484267
1079,0.8999516832474759
1080,0.8816389427741548
1081,0.912971827935088
1082,0.9127373915718853
1083,0.788159418254114
1084,0.8358564537193762
1085,0.8578891294448144
1086,0.6877651018126165
1087,0.6384884687750535
1088,0.9240880064465757
1089,0.8196270723910885
1090,0.5911496015609942
1091,0.5844298344975569
1092,0.39853248941161584
1093,0.9087978632252334
1094,0.657781063110608
1095,0.4400538882566053
1096,0.8693645155126783
1097,0.6914743266586135
1098,0.8551326276276062
1099,0.5991910154614818
1100,0.8759653373816477
1101,0.8387507642243361
1102,0.9425055207588408
1103,0.8974827527505735
1104,0.6129077777434988
1105,0.3861706020313466
1106,0.6727450461514527
1107,0.8803106874061601
1108,0.8863028142401942
1109,0.8497816922829283
1110,0.3724074760610729
1111,0.537610728334766
1112,0.9161586723633538
1113,0.805159708580528
1114,0.35430202903463626
1115,0.7872966840352127
1116,0.6716532180169195
1117,0.6795180177318831
1118,0.38308067575195615
1119,0.8308597057881109
1120,0.8244360320758066
1121,0.6384844797461857
1122,0.865593439738304
1123,0.4873781570723631
1124,0.9125718916939926
1125,0.758897634715991
1126,0.8703078913284208
1127,0.5231111672792547
1128,0.5725055252511762
1129,0.858038594818199
1130,0.8899857770574018
1131,0.7730582823831962
1132,0.7408646731741693
1133,0.8984632324822297
1134,0.9005337662517433
1135,0.6479781177574907
1136,0.8082667007814582
1137,0.2693573424812992
1138,0.9290490200520368
1139,0.8310941944539079
1140,0.8722536216647867
1141,0.4456845122303261
1142,0.8437432279956713
1143,0.8368652648541605
1144,0.22967816866041812
1145,0.8030810689735667
1146,0.8877297125885386
1147,0.8586658242411915
1148,0.915018045553755
1149,0.9006600812187979
1150,0.6226222686141831
1151,0.8040111527226811
1152,0.5928465761109678
1153,0.9351833308293342
1154,0.36943811634879653
1155,0.363612739885668
1156,0.3860119198238867
1157,0.8970569419040535
1158,0.5492473118529854
1159,0.9181649779612368
1160,0.48570375375748315
1161,0.8521129132363888
1162,0.6111361448858234
1163,0.892485281522378
1164,0.9117768584174587
1165,0.4384406167790795
1166,0.5570062413840242
1167,0.9264668383471358
1168,0.6305314139568785
1169,0.8233870870762079
1170,0.4809334398703027
1171,0.8781968412574513
1172,0.30028091760019676
1173,0.8746306248845546
1174,0.9443261277999718
1175,0.6232752045732949
1176,0.8238988983903622
1177,0.570776267957019
1178,0.6990673666046276
1179,0.8991144318156081
1180,0.8806687622064243
1181,0.9122329090926655
1182,0.9119966740994099
1183,0.7866084642452391
1184,0.8345814141438936
1185,0.8567559060002908
1186,0.6857721699864807
1187,0.6363473166917043
1188,0.9234355550982821
1189,0.8182533774309977
1190,0.5889085932825804
1191,0.5821780267191754
1192,0.39631387111565364
1193,0.9080270752054802
1194,0.6556925585081468
1195,0.4377723607156136
1196,0.8683087524028911
1197,0.6894943813944089
1198,0.8539811645440354
1199,0.5969640331989278
1200,0.8579564599290258
1201,0.8164706922427313
1202,0.9334234853054055
1203,0.8821778210584218
1204,0.5752260086424852
1205,0.3498306866900459
1206,0.6374425354154089
1207,0.8628339278579581
1208,0.869571375982154
1209,0.8287145251541227
1210,0.336652392952487
1211,0.4985954770754116
1212,0.9033416103150754
1213,0.779458697868413
1214,0.3194005808459194
1215,0.7599419191564538
1216,0.6362966019386709
1217,0.6445601149085335
1218,0.346867220903835
1219,0.8077392395623016
1220,0.8006481691546882
1221,0.6016743962836014
1222,0.8463428030933928
1223,0.44847262403782284
1224,0.8992667971552613
1225,0.7291470886488581
1226,0.8516167394924675
1227,0.4840466305297184
1228,0.5338818176289333
1229,0.8379085276319562
1230,0.8737190946629039
1231,0.7444667160536488
1232,0.7097400391715009
1233,0.8832856420649547
1234,0.8856262774288802
1235,0.6115465780945165
1236,0.7828650027652647
1237,0.23971706284398023
1238,0.9180262230485133
1239,0.8079983743195601
1240,0.853795779634467
1241,0.40746174075705455
1242,0.822006585150846
1243,0.8143823246267903
1244,0.2031899499300634
1245,0.7771817474898235
1246,0.8711777336231253
1247,0.8386079686659055
1248,0.9020452561966308
1249,0.8857691224205828
1250,0.5852462341340863
1251,0.7782003733847622
1252,0.5546309880913605
1253,0.9250366505927485
1254,0.33381648393023833
1255,0.32826039031458254
1256,0.349678430434288
1257,0.8816968199282241
1258,0.5103195981886662
1259,0.9056230302320976
1260,0.44681537912460223
1261,0.8313077836470275
1262,0.5734019516866953
1263,0.8765369059988428
1264,0.8983642482107577
1265,0.4003903573106704
1266,0.5181607645519881
1267,0.9150795475148011
1268,0.5934271954990136
1269,0.7994916643376191
1270,0.4420986824802048
1271,0.8604603488285738
1272,0.26848822661773786
1273,0.8564597129039409
1274,0.9355120045819305
1275,0.5859208301061688
1276,0.8000559074610467
1277,0.5321240069451
1278,0.6651912114904752
1279,0.884021616646689
1280,0.8632361649559971
1281,0.8988819432568693
1282,0.8986137665497006
1283,0.7591922625303268
1284,0.8118544817120656
1285,0.8364786169088432
1286,0.6511462353550395
1287,0.5994561379163849
1288,0.9116236205413601
1289,0.7938372846613814
1290,0.5506035687314536
1291,0.543731749482322
1292,0.3595785916089891
1293,0.8941105900447132
1294,0.6195906949455038
1295,0.3997388132226499
1296,0.8493793486680351
1297,0.6550723078332441
1298,0.833387474406512
1299,0.558847331760079
1300,0.8568236837860408
1301,0.8150783822333849
1302,0.9328454399808004
1303,0.8812114624233868
1304,0.5729607700675045
1305,0.3477264463890539
1306,0.6352987269566499
1307,0.8617337802363619
1308,0.8685170318239229
1309,0.8273954643490058
1310,0.3345866280666319
1311,0.4962794391117892
1312,0.9025296549043363
1313,0.7778619967389032
1314,0.317390025685845
1315,0.758247742864647
1316,0.6341499064906003
1317,0.6424347850097056
1318,0.34477135352421184
1319,0.8062964050461536
1320,0.799165350577118
1321,0.5994519883839294
1322,0.8451341276747756
1323,0.4461822285127032
1324,0.8984244611699338
1325,0.727313565741981
1326,0.8504422182781755
1327,0.4817332439355784
1328,0.5315756426223452
1329,0.8366463129930947
1330,0.87269337068562
1331,0.7427003031790204
1332,0.7078277838332455
1333,0.8823271576048858
1334,0.8846845053264416
1335,0.6093434879397758
1336,0.7812860430942056
1337,0.23803267166284553
1338,0.9173263327876359
1339,0.8065570187695285
1340,0.8526355218919556
1341,0.40522690396387506
1342,0.820647046715131
1343,0.8129778006413173
1344,0.20169413037381362
1345,0.7755733078716763
1346,0.870134435477186
1347,0.8373501433517766
1348,0.9012236018182251
1349,0.8848283735667702
1350,0.5829956936545989
1351,0.7765971731784702
1352,0.5523413927598134
1353,0.924391685578226
1354,0.3317594176444921
1355,0.32622079622412986
1356,0.34757461636664055
1357,0.880727049586939
1358,0.5080042770566486
1359,0.9048282202549236
1360,0.4445266256291231
1361,0.8300045968065493
1362,0.5711342380898211
1363,0.8755308092782206
1364,0.8975152251774015
1365,0.39816824312816296
1366,0.5158473444541104
1367,0.9143568456683691
1368,0.5911900379147421
1369,0.7980024137467935
1370,0.43981488047473966
1371,0.8593442671958644
1372,0.26667258206800815
1373,0.8553170133304109
1374,0.9349508289655111
1375,0.5836713461436054
1376,0.7985697918410046
1377,0.5298167942831018
1378,0.6631247693791006
1379,0.8830683760561061
1380,0.8621387280302895
1381,0.8980367539958155
1382,0.8977665906887242
1383,0.7574944839272882
1384,0.8104352824993999
1385,0.835207457374665
1386,0.6490388437421993
1387,0.597229638543242
1388,0.9108743721263844
1389,0.7923169464376085
1390,0.5483101305772644
1391,0.5414324492994356
1392,0.3574479529652753
1393,0.8932302568096657
1394,0.6174046846855707
1395,0.39751791776730977
1396,0.8481902744745009
1397,0.6529759934147812
1398,0.8320971087232857
1399,0.5565620820143207
1400,0.8556833934811726
1401,0.8136779201362423
1402,0.9322627400331736
1403,0.8802382538679818
1404,0.5706924671186557
1405,0.34562813469041376
1406,0.633149537421729
1407,0.8606262341325641
1408,0.8674554637952633
1409,0.8260683775010117
1410,0.3325271848420365
1411,0.493963560803658
1412,0.9017116209800785
1413,0.7762570539069653
1414,0.3153862617977674
1415,0.756545440510195
1416,0.6319978685290062
1417,0.6403038386774784
1418,0.34268150558751564
1419,0.8048453587504374
1420,0.7976742896809356
1421,0.5972254814428406
1422,0.8439176981241523
1423,0.443894115769672
1424,0.8975758837834699
1425,0.7254723040643167
1426,0.8492600457801546
1427,0.4794206401956517
1428,0.5292681179809828
1429,0.8353762005127745
1430,0.8716605390094044
1431,0.7409259289882114
1432,0.705908150621247
1433,0.881361859084564
1434,0.8837359965461641
1435,0.6071359298166307
1436,0.7796988326018874
1437,0.2363564365732644
1438,0.9166210096128171
1439,0.8051074528576
1440,0.8514676583230673
1441,0.40299598814929544
1442,0.819279406964736
1443,0.811565108039212
1444,0.20020655575149673
1445,0.7739566345196845
1446,0.8690839576618933
1447,0.8360844311544896
1448,0.9003958163497333
1449,0.8838808928288954
1450,0.5807416896273214
1451,0.7749857354890036
1452,0.5500495758614043
1453,0.9237416289124547
1454,0.32970875382660386
1455,0.3241877588690548
1456,0.34547673560225417
1457,0.8797504139077793
1458,0.505688612516722
1459,0.9040274260143905
1460,0.4422402234182818
1461,0.8286934171244724
1462,0.56886353362026
1463,0.8745176876015602
1464,0.8966599256038411
1465,0.3959503176993546
1466,0.5135332449656752
1467,0.9136285739042744
1468,0.5889490971612665
1469,0.7965049173528929
1470,0.4375336238352329
1471,0.8582207296706545
1472,0.2648647700754791
1473,0.8541667658807053
1474,0.9343851124982745
1475,0.5814183720544914
1476,0.797075432065944
1477,0.5275083066119658
1478,0.6610520720171067
1479,0.8821083455000509
1480,0.861033902562048
1481,0.8971853083085383
1482,0.8969131479681326
1483,0.7557885857925888
1484,0.8090078965656015
1485,0.8339283781308321
1486,0.6469256245321854
1487,0.5949991244306769
1488,0.910119397914844
1489,0.7907883513206596
1490,0.5460146385935138
1491,0.5391313832911724
1492,0.35532293456106684
1493,0.8923434859774613
1494,0.6152139138990976
1495,0.39530123547882245
1496,0.8469935041310148
1497,0.6508737286756507
1498,0.8307987784968043
1499,0.5542744360224027
1500,0.8545355634219229
1501,0.8122692947729926
1502,0.9316753543238175
1503,0.8792581645109714
1504,0.5684211911113002
1505,0.34353581623948515
1506,0.6309950391014109
1507,0.8595112626730859
1508,0.8663866434251882
1509,0.8247332486047919
1510,0.33047412227718836
1511,0.4916479415058163
1512,0.9008874755288587
1513,0.7746438748042775
1514,0.31338934038360017
1515,0.7548350270667479
1516,0.6298405607811921
1517,0.6381673454281215
1518,0.34059774049517416
1519,0.8033860931730928
1520,0.7961749820736845
1521,0.5949949599204907
1522,0.8426934922884725
1523,0.4416083804410417
1524,0.8967210321905175
1525,0.7236233340338752
1526,0.8480701982181045
1527,0.47710891810332706
1528,0.526959341629804
1529,0.8340981708503563
1530,0.8706205702841693
1531,0.739143616197203
1532,0.7039811796106893
1533,0.8803897154493142
1534,0.882780719688283
1535,0.6049239851413089
1536,0.7781033750955231
1537,0.2346883698908009
1538,0.915910220640238
1539,0.8036496689700854
1540,0.8502921645064387
1541,0.40076907848743454
1542,0.8179036524881254
1543,0.8101442365049523
1544,0.19872722139265372
1545,0.7723317339593739
1546,0.868026271356111
1547,0.8348108124908238
1548,0.8995618668328788
1549,0.8829266487870817
1550,0.5784843110005123
1551,0.7733660663517832
1552,0.5477556326535103
1553,0.923086448291214
1554,0.3276645502228266
1555,0.3221613335073627
1556,0.3433848527229611
1557,0.8787668820868147
1558,0.5033727038869993
1559,0.9032206144253924
1560,0.4399562668362584
1561,0.8273742276279282
1562,0.5665899299931599
1563,0.8734975110688842
1564,0.8957983167444469
1565,0.39373666410092667
1566,0.5112185651363627
1567,0.9128946991978022
1568,0.5867044600441644
1569,0.7949991712801905
1570,0.4352550060410748
1571,0.8570897099901718
1572,0.263064817144293
1573,0.8530089453754905
1574,0.9338148244150103
1575,0.5791619966174626
1576,0.7955728240077129
1577,0.5251986420210896
1578,0.6589731803096927
1579,0.881141493812199
1580,0.8599216615767237
1581,0.8963275734145543
1582,0.8960534056252967
1583,0.7540745834724696
1584,0.8075723146536633
1585,0.8326413603376938
1586,0.644806644580702
1587,0.5927646806876682
1588,0.9093586647917783
1589,0.7892514979967195
1590,0.5437171886592456
1591,0.5368286482823273
1592,0.353203605019056
1593,0.891450245148887
1594,0.6130184613389474
1595,0.39308884923413406
1596,0.8457890145347386
1597,0.6487655788449247
1598,0.8294924659931969
1599,0.5519844883379826
1600,0.8561314663794293
1601,0.8142280969917676
1602,0.9324918081043424
1603,0.8806207252369724
1604,0.5715823630828099
1605,0.34645029681341716
1606,0.6339929992675567
1607,0.8610614523750041
1608,0.867872630588527
1609,0.8265897648392687
1610,0.33333405783678893
1611,0.49487172911495414
1612,0.9020331473359715
1613,0.776887429449928
1614,0.31617124413838615
1615,0.7572139821247948
1616,0.6328424427883478
1617,0.6411401745068815
1618,0.3435003378182749
1619,0.8054153795608191
1620,0.7982600060391977
1621,0.5980991104637327
1622,0.8443956581340778
1623,0.4447911427991773
1624,0.8979094074493269
1625,0.7261952927538365
1626,0.8497245594065336
1627,0.4803274501113253
1628,0.5301731903046194
1629,0.8358752297433479
1630,0.8720664227786064
1631,0.7416227141294921
1632,0.7066618298227446
1633,0.8817412241950565
1634,0.8841087681994257
1635,0.6080021720446921
1636,0.780322255429606
1637,0.23701281520307482
1638,0.9168982584213913
1639,0.8056768929595435
1640,0.8519265551896941
1641,0.4038703902095458
1642,0.8198167063155738
1643,0.8121200831186419
1644,0.2007889398861432
1645,0.7745916092781777
1646,0.8694967700766142
1647,0.8365817334815828
1648,0.9007211731293499
1649,0.8842532607554774
1650,0.5816260258616862
1651,0.7756186575107541
1652,0.5509485923394046
1653,0.923997163723157
1654,0.330512174342504
1655,0.3249842487723901
1656,0.34629872817406476
1657,0.880134231088586
1658,0.5065967569587669
1659,0.9043421804355616
1660,0.4431365715000011
1661,0.8292085624207849
1662,0.5697543625775378
1663,0.8749158320801251
1664,0.896996089623605
1665,0.39681959367469244
1666,0.5144408157204947
1667,0.913914838558334
1668,0.5898283487407336
1669,0.7970931578351702
1670,0.4384279309551779
1671,0.8586622259047647
1672,0.2655727854905457
1673,0.8546187475600063
1674,0.9346075067522477
1675,0.5823023075675368
1676,0.7976624423129683
1677,0.5284137476918231
1678,0.6618656416481528
1679,0.882485641863583
1680,0.861468052703136
1681,0.8975199585950446
1682,0.8972485826526304
1683,0.7564585367244447
1684,0.8095686358651902
1685,0.8344309263374978
1686,0.647755033840154
1687,0.595874314812684
1688,0.9104161527720195
1689,0.7913887886215039
1690,0.5469150762590271
1691,0.5400339724760558
1692,0.35615560647132477
1693,0.8926920109243998
1694,0.6160736078531258
1695,0.39617002104786697
1696,0.8474637477456612
1697,0.6516988568147376
1698,0.831308881432568
1699,0.5551718377045591
1700,0.8549865961370051
1701,0.8128226742267045
1702,0.9319062636785141
1703,0.8796433379224229
1704,0.569312242073223
1705,0.3443556204048681
1706,0.631840574169698
1707,0.8599493960245139
1708,0.8668066576714323
1709,0.825257791584541
1710,0.3312784860619391
1711,0.49255599640460346
1712,0.9012114025108111
1713,0.7752774795829106
1714,0.3141716333401825
1715,0.7555067476836529
1716,0.6306871929173392
1717,0.6390058481946841
1718,0.34141417978087857
1719,0.8039593381073171
1720,0.796763932939405
1721,0.5958701531893875
1722,0.843174504458218
1723,0.4425044638913593
1724,0.897057020252541
1725,0.7243493419431404
1726,0.8485377245056481
1727,0.47801537050707216
1728,0.5278648931381111
1729,0.8346003071561999
1730,0.8710292563998123
1731,0.7398435117719546
1732,0.7047377315632842
1733,0.880771768628505
1734,0.8831561492413663
1735,0.6057919378488555
1736,0.7787300315665883
1737,0.23534154378665065
1738,0.9161896168351638
1739,0.8042223326970919
1740,0.8507540565364078
1741,0.40164189938650874
1742,0.8184441356700485
1743,0.810702420222545
1744,0.19930637462812517
1745,0.7729699342686145
1746,0.8684419140696453
1747,0.8353112177201134
1748,0.8998896448283022
1749,0.8833016727438996
1750,0.5793699599789834
1751,0.7740022156455107
1752,0.5486554716074001
1753,0.9233439963643338
1754,0.32846543048030186
1755,0.32295522392771014
1756,0.344204485526155
1757,0.8791534073164841
1758,0.5042809322108721
1759,0.9035377325489387
1760,0.44085164462290494
1761,0.8278925160413052
1762,0.567481884920325
1763,0.8738984257278011
1764,0.8961369589096378
1765,0.3946042549794182
1766,0.512126351665382
1767,0.9131831650367233
1768,0.5875851508029263
1769,0.7955906473717715
1770,0.4361482671993033
1771,0.8575341435339974
1772,0.2637697474525377
1773,0.8534638998811046
1774,0.9340390151450724
1775,0.5800472553842073
1776,0.7961630693470076
1777,0.5261045329371864
1778,0.6597891717957113
1779,0.8815214688528117
1780,0.8603587229807131
1781,0.8966646939766051
1782,0.8963913146676679
1783,0.7547477106547582
1784,0.808136269149066
1785,0.8331470239386911
1786,0.6456383049948481
1787,0.5936414019268428
1788,0.9096576820083114
1789,0.7898551739440636
1790,0.5446183827047495
1791,0.5377318804230745
1792,0.3540340378635245
1793,0.8918013112225879
1794,0.6138799818613698
1795,0.3939559402348271
1796,0.8462622880579189
1797,0.6495930070484224
1798,0.83000570133853
1799,0.5528827813561965
1800,0.8538341707359551
1801,0.8114090816808818
1802,0.9313160145158775
1803,0.8786590511115099
1804,0.5670392037531139
1805,0.3422669761076161
1806,0.6296828846261376
1807,0.8588298981199396
1808,0.8657334152221745
1809,0.8239177667966193
1810,0.32922933036361096
1811,0.4902405830757804
1812,0.9003835261077945
1813,0.7736592971208043
1814,0.3121788956820195
1815,0.7537914116664345
1816,0.6285267178630475
1817,0.6368660176309362
1818,0.33933414269165785
1819,0.8024950731166388
1820,0.7952596107821008
1821,0.5936372329904868
1822,0.8419455612206593
1823,0.4402202197246215
1824,0.8961983389357085
1825,0.7224957017181335
1826,0.8473432002582253
1827,0.475704232528354
1828,0.525555403890052
1829,0.8333174558463462
1830,0.8699849352339136
1831,0.7380563850556104
1832,0.7028063203234525
1833,0.8797954491435038
1834,0.8821967431854226
1835,0.6035773669322206
1836,0.7771295633703046
1837,0.23367844786342154
1838,0.9154754894438675
1839,0.8027595501349442
1840,0.8495739129562662
1841,0.3994174661721732
1842,0.817063442410062
1843,0.809276572410056
1844,0.19783204647571034
1845,0.771340036396115
1846,0.8673798321635606
1847,0.8340327838020226
1848,0.8990519324649369
1849,0.8823433023954529
1850,0.5771105738359475
1851,0.7723775463778421
1852,0.5463602826438724
1853,0.9226856853808312
1854,0.3264251814853489
1855,0.3209328442128924
1856,0.342116279588116
1857,0.8781656687562628
1858,0.5019649237643103
1859,0.9027272472135073
1860,0.4385692205207792
1861,0.826568449766386
1862,0.5652065640909331
1863,0.872873946438392
1864,0.8952714990350376
1865,0.3923932382775731
1866,0.5098113675255064
1867,0.9124458684862976
1868,0.5853383095615787
1869,0.7940798852002208
1870,0.4338712988941248
1871,0.8563985631883158
1872,0.2619745841453793
1873,0.8523014639983604
1874,0.9334659331707549
1875,0.5777888560910224
1876,0.7946554459136291
1877,0.5237942009848501
1878,0.6577065450575096
1879,0.8805504558366472
1880,0.8592419614800909
1881,0.8958031202540625
1882,0.8955277271746481
1883,0.7530287901402819
1884,0.8066957011211184
1885,0.8318551717589444
1886,0.6435158564667043
1887,0.5914046114557828
1888,0.9088934321997982
1889,0.7883133006018183
1890,0.542319789642276
1891,0.5354281783632837
1892,0.351918199412748
1893,0.8909041218719965
1894,0.6116817223271848
1895,0.3917462055056176
1896,0.8450530952537872
1897,0.6474813122659767
1898,0.8286945284174372
1899,0.5505914809795079
1900,0.8526741650887883
1901,0.8099873091029198
1902,0.9307210293219987
1903,0.8776678341775989
1904,0.5647633402267668
1905,0.3401844271468348
1906,0.6275200042329888
1907,0.8577029322415534
1908,0.8646528751531344
1909,0.8225696752778217
1910,0.32718664827381205
1911,0.4879255884034922
1912,0.8995494851692095
1913,0.7720328887309673
1914,0.31019308086272973
1915,0.7520679904041631
1916,0.6263610916511043
1917,0.6347207536784335
1918,0.3372602885200906
1919,0.8010225780942835
1920,0.7937470362446553
1921,0.5914004353664493
1922,0.8407088068952986
1923,0.4379385042800944
1924,0.895333330785144
1925,0.7206344039767415
1926,0.8461409634556478
1927,0.47339413471764724
1928,0.5232448208209707
1929,0.8320266571875585
1930,0.8689334302712937
1931,0.7362613581265093
1932,0.7008676376887738
1933,0.8788122349289355
1934,0.8812305188522392
1935,0.601358541832894
1936,0.7755208558592128
1937,0.23202353843778034
1938,0.9147558433027063
1939,0.8012885386646379
1940,0.848386100576685
1941,0.39719717469162763
1942,0.8156746139978928
1943,0.8078425303122367
1944,0.19636594971445778
1945,0.7697019234377094
1946,0.8663104959039293
1947,0.8327464128513059
1948,0.8982080031479944
1949,0.8813781185092656
1950,0.5748479572691474
1951,0.7707446569876442
1952,0.5440631212765502
1953,0.922022198360292
1954,0.3243914836295102
1955,0.3189171633982066
1956,0.3400341735209708
1957,0.8771709848634038
1958,0.49964883099621665
1959,0.90191069138038
1960,0.4362893928689655
1961,0.8252363474047949
1962,0.562928492574807
1963,0.8718423646235134
1964,0.8943996773539775
1965,0.39018662553799116
1966,0.5074959625022467
1967,0.9117029158429732
1968,0.5830879127877366
1969,0.7925608685244763
1970,0.431597118800563
1971,0.8552554590836244
1972,0.2601873206256304
1973,0.8511314152531959
1974,0.9328882298981666
1975,0.5755271993614314
1976,0.7931395689595664
1977,0.5214828502394149
1978,0.6556178237799603
1979,0.8795725718850166
1980,0.8581177416762525
1981,0.8949352047420612
1982,0.8946577875084895
1983,0.7513017918886526
1984,0.8052469234944111
1985,0.8305553516876878
1986,0.6413877564922452
1987,0.5891640295283096
1988,0.9081233702187202
1989,0.7867631684075651
1990,0.5400193934763879
1991,0.5331229635699429
1992,0.3498081583656074
1993,0.8900004106123539
1994,0.6094789091876768
1995,0.389540898624086
1996,0.8438361468255928
1997,0.6453638390959434
1998,0.8273753456960158
1999,0.5482980317446174
2000,0.8751761989640734
2001,0.8377687078511068
2002,0.9421117502526853
2003,0.8968143871004929
2004,0.6111878753765002
2005,0.3844550343541485
2006,0.6711483606494195
2007,0.8795453935093523
2008,0.8855708537348483
2009,0.8488547112517546
2010,0.370716124624174
2011,0.5358096487735843
2012,0.9156006150020634
2013,0.8040208738237544
2014,0.35264670177586166
2015,0.7860811803550176
2016,0.6700538180995556
2017,0.6779385579488589
2018,0.38137030654564097
2019,0.8298393403960842
2020,0.8233851522910085
2021,0.6368108783128673
2022,0.8647485016190855
2023,0.4855686413619546
2024,0.911992253693212
2025,0.7575698161022579
2026,0.8694881217009309
2027,0.521303898508218
2028,0.5707318372655108
2029,0.8571540012750316
2030,0.889274564649202
2031,0.7717849983622656
2032,0.7394716358218758
2033,0.8978005312012981
2034,0.8998830728913487
2035,0.6463241210383893
2036,0.8071416763946674
2037,0.2679342019158349
2038,0.9285700727850268
2039,0.8300749543437567
2040,0.8714443341025468
2041,0.4438957499892081
2042,0.8427858780502266
2043,0.835873972256493
2044,0.22839913703327658
2045,0.801933073400454
2046,0.8870057670489202
2047,0.8577844913074227
2048,0.9144531049723578
2049,0.900010122441041
2050,0.6209188330086947
2051,0.8028672483522509
2052,0.5910970055226737
2053,0.9347428839919173
2054,0.3677523484157113
2055,0.3619382958653283
2056,0.3842966157518539
2057,0.8963861206599465
2058,0.5474534041086495
2059,0.9176190739884733
2060,0.4838945864272362
2061,0.8511977988887753
2062,0.6094133872385027
2063,0.8917882630417585
2064,0.9111924623888003
2065,0.43665802559717376
2066,0.5552182067561305
2067,0.9259718492398992
2068,0.628842397224758
2069,0.8223312816650349
2070,0.47912548766969515
2071,0.877419913466596
2072,0.2987612012579794
2073,0.8738342177777518
2074,0.9439440847388345
2075,0.6215729249003755
2076,0.8228454943327665
2077,0.5690008065884171
2078,0.6975413689237037
2079,0.8984555003680122
2080,0.8799054454966003
2081,0.9116512412561782
2082,0.9114135926754141
2083,0.7853900997623052
2084,0.8335790034539884
2085,0.8558646623701587
2086,0.6842092088469424
2087,0.6346694825347831
2088,0.9229218585010993
2089,0.8171736967093941
2090,0.5871538848788718
2091,0.5804150581658272
2092,0.3945822083657193
2093,0.9074203624343103
2094,0.6540554570270365
2095,0.4359903770677954
2096,0.8674782705714819
2097,0.6879415096169594
2098,0.8530756174767439
2099,0.5952200753120012
2100,0.8741606057783383
2101,0.8365056168740874
2102,0.9416044208280825
2103,0.8959539166427496
2104,0.608984051608178
2105,0.3822649772551067
2106,0.6691003960647908
2107,0.8785604162829728
2108,0.8846286847160091
2109,0.8476622381402373
2110,0.3685574709732759
2111,0.5335046776740205
2112,0.914881935135842
2113,0.8025569555772467
2114,0.35053465530520206
2115,0.7845191707568561
2116,0.6680024089898295
2117,0.6759124604989595
2118,0.37918699685813984
2119,0.8285271494150334
2120,0.8220338638434416
2121,0.6346654754779159
2122,0.8636612835027329
2123,0.48325479377183334
2124,0.9112458262541919
2125,0.7558642770990446
2126,0.8684332063667901
2127,0.518991560433872
2128,0.5684606120459224
2129,0.8560158996193812
2130,0.8883590462649118
2131,0.7701491231998895
2132,0.7376828602740538
2133,0.8969473392921322
2134,0.8990453117041943
2135,0.6442035165479589
2136,0.8056954361750732
2137,0.2661209409542482
2138,0.9279531406429087
2139,0.828764205374886
2140,0.8704028738910813
2141,0.4416100129280138
2142,0.8415544616726873
2143,0.8345990418340781
2144,0.22677055175207833
2145,0.8004574302476081
2146,0.8860738926879076
2147,0.8566505728810677
2148,0.9137255745208583
2149,0.8991733052651901
2150,0.6187357584486146
2151,0.8013968413766244
2152,0.5888559094592283
2153,0.9341754864012156
2154,0.36560092616409207
2155,0.3598015305283407
2156,0.38210690089059474
2157,0.8955224949203078
2158,0.5451571699418267
2159,0.9169160221067266
2160,0.4815812482421366
2161,0.8500205455726684
2162,0.6072059694887589
2163,0.8908909787324087
2164,0.9104399177549175
2165,0.4343804462152349
2166,0.5529291968694411
2167,0.925334280968055
2168,0.6266775182633613
2169,0.8209736831658897
2170,0.4768138852266525
2171,0.8764199978615876
2172,0.2968239053730152
2173,0.8728092927693268
2174,0.9434518499182681
2175,0.6193913081887856
2176,0.8214909720885597
2177,0.5667273755083507
2178,0.6955832177310719
2179,0.8976071527347436
2180,0.8789230071797286
2181,0.9109022041212634
2182,0.9106627381549616
2183,0.7838244316988756
2184,0.8322898226022365
2185,0.8547180292588927
2186,0.6822040678806262
2187,0.6325187297884797
2188,0.9222602274811724
2189,0.8157855166149781
2190,0.5849063539059045
2191,0.5781571983467978
2192,0.39237123513114386
2193,0.9066391285374782
2194,0.6519562460979713
2195,0.4337135990094673
2196,0.8664096057893084
2197,0.6859491896174398
2198,0.8519106358970028
2199,0.5929860167070157
2200,0.8731379472925513
2201,0.835234625885649
2202,0.9410929232027766
2203,0.8950871100944157
2204,0.6067757730905938
2205,0.3800796925073669
2206,0.667046004710914
2207,0.8775685058853624
2208,0.8836797771615631
2209,0.8464620586221732
2210,0.36640406823849936
2211,0.5311982752091293
2212,0.9141577093034405
2213,0.8010848075599897
2214,0.34842844984206367
2215,0.7829489048441055
2216,0.6659446041665557
2217,0.6738797483509974
2218,0.37700856906015895
2219,0.8272069465088537
2220,0.8206744883115661
2221,0.6325147128006077
2222,0.8625667147636827
2223,0.4809416639803339
2224,0.9104936893999735
2225,0.7541506332132019
2226,0.8673710648985049
2227,0.5166784085305711
2228,0.566186503981592
2229,0.8548702656227996
2230,0.8874369162193323
2231,0.7685050391036882
2232,0.7358861896593398
2233,0.8960878490675556
2234,0.89820133330466
2235,0.6420772384296114
2236,0.8042409809884379
2237,0.26431552072095793
2238,0.9273312971197832
2239,0.8274454474929998
2240,0.8693542414426343
2241,0.43932674744596467
2242,0.8403152274685305
2243,0.8333161826703064
2244,0.22515019050327212
2245,0.798973549136323
2246,0.8851353282875565
2247,0.855509136376827
2248,0.9129924455125861
2249,0.8983302758833637
2250,0.6165478757958698
2251,0.7999181999368631
2252,0.5866111206519392
2253,0.9336035058308144
2254,0.36345485480537565
2255,0.35767030865399485
2256,0.3799219640344512
2257,0.8946525168105477
2258,0.5428590137043159
2259,0.9162075181554016
2260,0.47926869940766603
2261,0.8488356324327798
2262,0.6049941625954101
2263,0.8899871720438295
2264,0.9096816282388344
2265,0.43210563433309046
2266,0.5506379410294507
2267,0.9246916682149144
2268,0.6245075519956758
2269,0.8196079866464542
2270,0.47450327565406314
2271,0.8754130838700022
2272,0.2948938889051036
2273,0.8717772633816777
2274,0.9429555539253079
2275,0.6172048600378393
2276,0.8201283571135088
2277,0.5644511318855301
2278,0.6936179575111558
2279,0.8967525320985836
2280,0.8779336469158819
2281,0.9101474424151688
2282,0.9099061485308646
2283,0.7822505082440724
2284,0.8309926798885928
2285,0.8535638350991522
2286,0.6801921461066329
2287,0.6303626895955071
2288,0.9215933995769096
2289,0.8143891903186655
2290,0.582655284325654
2291,0.575896066437527
2292,0.39016466667184824
2293,0.905851986182455
2294,0.6498511164025899
2295,0.43143961557432237
2296,0.8653336610331566
2297,0.6839499934428324
2298,0.8507380332744808
2299,0.590748105703304
2300,0.8721081938674103
2301,0.8339557155938413
2302,0.940577228018522
2303,0.8942139348237531
2304,0.604563121354969
2305,0.3778992580002064
2306,0.6649852448646659
2307,0.8765696318730172
2308,0.8827240996795788
2309,0.8452541497563509
2310,0.3642559893566273
2311,0.5288905391123842
2312,0.9134279045007333
2313,0.7996044238875908
2314,0.34632815119914145
2315,0.7813703849043402
2316,0.6638804623938807
2317,0.6718404767173944
2318,0.37483509996629183
2319,0.8258787152500425
2320,0.8193070117404246
2321,0.6303586628126898
2322,0.8614647680537533
2323,0.47862935087095365
2324,0.9097358100214217
2325,0.7524289005984622
2326,0.866301668843566
2327,0.5143645416856012
2328,0.5639096053553704
2329,0.853717073913151
2330,0.8865081426338187
2331,0.7668527552148199
2332,0.7340816492058643
2333,0.8952220278217121
2334,0.8973511048494288
2335,0.6399453554956019
2336,0.8027783035906754
2337,0.2625179674450172
2338,0.9267045103382304
2339,0.8261186641826482
2340,0.8682984078791333
2341,0.4370460473597167
2342,0.8390681544402848
2343,0.8320253761393963
2344,0.22353806015943337
2345,0.797481425103085
2346,0.8841900422584871
2347,0.8543601562492016
2348,0.9122536849005124
2349,0.8974810014447027
2350,0.61435526334827
2351,0.7984313186563238
2352,0.5843627265355833
2353,0.9330269113740115
2354,0.3613142061534813
2355,0.355544699800191
2356,0.37774188301805
2357,0.8937761537329076
2358,0.5405590317267769
2359,0.9154935292276553
2360,0.4769570387078098
2361,0.8476430358141921
2362,0.6027780486537326
2363,0.8890768108102634
2364,0.9089175607199171
2365,0.42983368235114494
2366,0.5483445343987619
2367,0.9240439787802722
2368,0.6223325739173311
2369,0.8182341785667313
2370,0.47219375740400815
2371,0.8743991414276162
2372,0.29297119326010757
2373,0.8707381002414905
2374,0.9424551678548484
2375,0.6150136585196716
2376,0.8187576356647644
2377,0.562172168359664
2378,0.6916456342759059
2379,0.8958916057076425
2380,0.876937334199579
2381,0.9093869230233389
2382,0.9091437906852454
2383,0.7806683320107872
2384,0.8296875575097832
2385,0.8524020548784207
2386,0.6781734958476472
2387,0.6282014352980589
2388,0.9209213422723171
2389,0.8129847063541517
2390,0.5804007646034093
2391,0.5736317525634114
2392,0.3879625842461777
2393,0.9050589022508289
2394,0.6477401335940937
2395,0.4291685190244011
2396,0.8642504083063054
2397,0.6819439716707465
2398,0.8495577853976106
2399,0.588506428612204
2400,0.861585182015496
2401,0.8209380404661236
2402,0.9352697413890495
2403,0.8852705157559205
2404,0.5825632875721873
2405,0.3567072654665586
2406,0.6443695460986447
2407,0.8663574566094115
2408,0.8729473177517655
2409,0.832944821263265
2410,0.3434067496704228
2411,0.5061199433058121
2412,0.9059380129310206
2413,0.7845892759526225
2414,0.3259789019113286
2415,0.7653898682184429
2416,0.6432332529613186
2417,0.6514255001875596
2418,0.3537172388001146
2419,0.8123702811655357
2420,0.8054088671805483
2421,0.6088654670981662
2422,0.8502164175479576
2423,0.455928484991693
2424,0.9019607767019683
2425,0.7350502484008437
2426,0.8553801193973205
2427,0.4915667888884618
2428,0.5413638449857385
2429,0.841955060556172
2430,0.8770028644152176
2431,0.7501503986934946
2432,0.7159013670918929
2433,0.8863530038716001
2434,0.8886398805411873
2435,0.618672378902654
2436,0.7879378970971189
2437,0.2452456030602028
2438,0.920262990848447
2439,0.8126246220224213
2440,0.8575131402425031
2441,0.4147485136676734
2442,0.8263678387546551
2443,0.8188892305059408
2444,0.2081066621139946
2445,0.7823505046729806
2446,0.8745180971738358
2447,0.8426403196152735
2448,0.9046728063149991
2449,0.888779434419307
2450,0.5925330350759851
2451,0.7833520882242168
2452,0.5620531665906702
2453,0.9270973199258816
2454,0.34054315256224943
2455,0.3349313882565373
2456,0.35655365762877905
2457,0.8848004916100827
2458,0.5178382653819501
2459,0.9081643802998419
2460,0.4542663813772999
2461,0.8354867474479604
2462,0.5807477739742377
2463,0.8797574862605161
2464,0.9010797101134719
2465,0.4076376686215187
2466,0.5256709408221116
2467,0.9173894840963153
2468,0.6006683375127826
2469,0.8042732291265392
2470,0.4495349472821025
2471,0.8640352421726948
2472,0.27444078933046695
2473,0.8601204376690331
2474,0.9373042333962468
2475,0.5932040172086742
2476,0.8048273014252048
2477,0.5396099183868853
2478,0.6718609723540259
2479,0.8870721092403457
2480,0.8667509567171439
2481,0.9015850888317033
2482,0.9013232941790117
2483,0.7646519557508936
2484,0.8164089283999008
2485,0.8405540540444212
2486,0.6579519160541913
2487,0.6066610753045136
2488,0.9140187296391512
2489,0.7987197429832328
2490,0.5580393818759755
2491,0.5511885832627573
2492,0.3665387600050876
2493,0.8969266601415676
2494,0.6266590185649564
2495,0.40698233586715415
2496,0.853189692096451
2497,0.6618411726851132
2498,0.837524987874357
2499,0.5662541952825656
2500,0.8604766383265712
2501,0.8195721318036031
2502,0.9347066047330774
2503,0.8843261968692718
2504,0.5803086288510385
2505,0.35458422048702076
2506,0.6422437091699722
2507,0.86528115714889
2508,0.8719162439533924
2509,0.8316517198768166
2510,0.341320864507793
2511,0.503804072610834
2512,0.9051455777888846
2513,0.7830193796182687
2514,0.3239466472682574
2515,0.7637221859376849
2516,0.6411044068200666
2517,0.6493188870299035
2518,0.3516022631212406
2519,0.8109540666944376
2520,0.803952788857752
2521,0.6066569514362421
2522,0.8490327770549879
2523,0.4536313306536973
2524,0.9011384913639038
2525,0.7332420668506787
2526,0.8542302881448293
2527,0.4892515422704104
2528,0.5390627277971832
2529,0.8407183664996621
2530,0.8760000276176604
2531,0.7484099974495622
2532,0.7140133469726457
2533,0.885416441538244
2534,0.8877197769463505
2535,0.6164843579836164
2536,0.7863857608225558
2537,0.2435348085825569
2538,0.9195805251141542
2539,0.8112098811587223
2540,0.8563774205210034
2541,0.412501533513094
2542,0.8250345216945723
2543,0.8175111673748391
2544,0.20658403141548964
2545,0.7807688513890986
2546,0.8734979234893264
2547,0.8414079776604911
2548,0.9038708433193532
2549,0.8878603383701191
2550,0.5902943542586797
2551,0.7817756832046673
2552,0.5597714417396263
2553,0.9264686750525238
2554,0.338465694891784
2555,0.33287088452388647
2556,0.354431023176453
2557,0.8838528116052234
2558,0.5155247446234675
2559,0.9073887840300459
2560,0.4519706446575289
2561,0.8342094056755965
2562,0.5784904043296613
2563,0.8787740043140824
2564,0.90025085224327
2565,0.4054025270852043
2566,0.5233604101236476
2567,0.9166846507580784
2568,0.5984440626552324
2569,0.8028107336028973
2570,0.4472435259132366
2571,0.862943199251723
2572,0.2725998915151888
2573,0.8590020828187226
2574,0.9367575994652186
2575,0.5909664780416217
2576,0.8033679338121156
2577,0.5373075223786428
2578,0.6698152623454804
2579,0.8861407117781408
2580,0.8656773349931975
2581,0.900759999179191
2582,0.9004962519291281
2583,0.7629806524806053
2584,0.8150162559902058
2585,0.839308489488432
2586,0.6558639086284989
2587,0.6044481989000694
2588,0.9132878553507408
2589,0.7972262131832555
2590,0.5557532738622321
2591,0.5488956846252376
2592,0.36439034561537403
2593,0.896067017431497
2594,0.6244890091998646
2595,0.40474833240457847
2596,0.8520254581318057
2597,0.6597646298131519
2598,0.8362603702257205
2599,0.5639773783342279
2600,0.8593606656871331
2601,0.8181981112335999
2602,0.9341389139271294
2603,0.88337512940137
2604,0.5780506126686938
2605,0.3524668880676847
2606,0.6401122620141849
2607,0.8641975483626442
2608,0.8708780403343166
2609,0.8303506477986988
2610,0.33924110308864197
2611,0.5014880386771475
2612,0.9043471715690816
2613,0.7814412291388012
2614,0.3219210111225136
2615,0.7620463346908517
2616,0.6389699875678614
2617,0.6472064374665999
2618,0.34949309482889496
2619,0.80952966902792
2620,0.8024884869672392
2621,0.6044440669585607
2622,0.8478414569839712
2623,0.4513361490701192
2624,0.9003100715340298
2625,0.7314260540140993
2626,0.8530728852147496
2627,0.4869367566990466
2628,0.5367599445002885
2629,0.839473840390648
2630,0.8749901798464208
2631,0.7466615671621036
2632,0.7121178252492457
2633,0.8844731670009388
2634,0.8867930395541458
2635,0.6142916095514724
2636,0.7848253664544155
2637,0.24183212446908744
2638,0.9188927329971953
2639,0.8097869588698687
2640,0.8552341765649292
2641,0.4102581932841722
2642,0.8236931505274179
2643,0.8161249730888953
2644,0.20506965623105824
2645,0.779178948444573
2646,0.8724706652526133
2647,0.8401678153689627
2648,0.9030628565371793
2649,0.8869346133768
2650,0.5880519249116375
2651,0.7801910263364797
2652,0.5574871885088692
2653,0.9258350429820971
2654,0.3363944458008683
2655,0.3308167516553619
2656,0.35231410618869197
2657,0.88289836737063
2658,0.5132105582776154
2659,0.906607311084489
2660,0.44967695005360764
2661,0.8329241294448949
2662,0.5762297493482483
2663,0.8777835958019777
2664,0.8994158245820527
2665,0.4031712998016
2666,0.5210488791236267
2667,0.9159743545804131
2668,0.5962157269286275
2669,0.8013400093910468
2670,0.4449543433338044
2671,0.8618437877159223
2672,0.27076673388092165
2673,0.8578762640279166
2674,0.9362065239015686
2675,0.5887251643442419
2676,0.801900339958155
2677,0.5350035342668834
2678,0.6677631054610232
2679,0.8852026265388822
2680,0.8645964141937437
2681,0.8999287599434065
2682,0.8996630496146494
2683,0.7613011855827791
2684,0.8136154309833606
2685,0.8380550694466341
2686,0.6537698624131142
2687,0.6022310357935791
2688,0.912551362747102
2689,0.7957244354855888
2690,0.5534648029980224
2691,0.5466007077419702
2692,0.36224732270721477
2693,0.8952010429112042
2694,0.6223139886718559
2695,0.4025182682333012
2696,0.8508536055219592
2697,0.6576819307859917
2698,0.8349878487996198
2699,0.5616978608075486
2700,0.858237237541966
2701,0.8168159657693499
2702,0.933566638160929
2703,0.8824172820030168
2704,0.5757893286353072
2705,0.35035533567847127
2706,0.6379752742232256
2707,0.8631066025161668
2708,0.8698326777018125
2709,0.8290415874558849
2710,0.3371675273423667
2711,0.49917194088626216
2712,0.9035427611791846
2713,0.7798548275049342
2714,0.3199020476976034
2715,0.760362326754931
2716,0.6368300652462963
2717,0.6450882182386324
2718,0.34738980017570587
2719,0.8080970786917558
2720,0.801015955017349
2721,0.6022268959329401
2722,0.84664243397636
2723,0.44904303606743834
2724,0.8994754842580249
2725,0.7296022373433
2726,0.851907885731467
2727,0.4846225313416919
2728,0.5344555922119198
2729,0.8382214615080786
2730,0.8739732911143654
2731,0.7449051276935524
2732,0.7102148389530684
2733,0.883523148758745
2734,0.8858596365639947
2735,0.6120942126712168
2736,0.7832567154096778
2737,0.24013756573293385
2738,0.9181995817608327
2739,0.8083558455747523
2740,0.8540833829031915
2741,0.40801858017863324
2742,0.8223437101406286
2743,0.814730635484305
2744,0.20356353406210692
2745,0.7775807998910222
2746,0.8714362929537356
2747,0.8389198117914697
2748,0.902248812909253
2749,0.8860022276214149
2750,0.585805834083642
2751,0.7785981211958075
2752,0.555200500881053
2753,0.9251963916480845
2754,0.3343294659854059
2755,0.32876904789099415
2756,0.35020297407329604
2757,0.8819371276249518
2758,0.5108958054089643
2759,0.9058199283370167
2760,0.4473853931403529
2761,0.8316309002676638
2762,0.5739658990764568
2763,0.8767862302441098
2764,0.898574594219355
2765,0.40094407199534476
2766,0.5187364464317802
2767,0.9152585626439991
2768,0.5939834150890106
2769,0.7998610504958883
2770,0.44266749435649344
2771,0.8607369803920674
2772,0.26894134588602375
2773,0.8567429551232802
2774,0.9356509762878037
2775,0.5864801629830207
2776,0.8004245136256178
2777,0.5326980513735787
2778,0.6657045596592636
2779,0.8842578219243316
2780,0.8635081664915658
2781,0.8990913381881468
2782,0.8988236543125103
2783,0.7596135676984256
2784,0.8122064422264165
2785,0.8367937736695621
2786,0.6516698414254971
2787,0.6000096689392216
2788,0.911809218767291
2789,0.7942144063608181
2790,0.5511740639760243
2791,0.5443037484047757
2792,0.3601097626293914
2793,0.8943287039402227
2794,0.6201340332634488
2795,0.4002922283893595
2796,0.8496741100219751
2797,0.6555931379605782
2798,0.8337074043891297
2799,0.5594157358902996
2800,0.8381300239870035
2801,0.7922557957636613
2802,0.9231876612411114
2803,0.8652010208176927
2804,0.5372224851462304
2805,0.3156526101552629
2806,0.6011457315962628
2807,0.8435641554540669
2808,0.8510847570036358
2809,0.8057307049632355
2810,0.3031614824865782
2811,0.4601700778715905
2812,0.8890306734378224
2813,0.751844665944167
2814,0.28688367759082245
2815,0.7307283867375253
2816,0.599957072349635
2817,0.6085382802936543
2818,0.3128393610182121
2819,0.7826789505657253
2820,0.7749211478063602
2821,0.564244605147698
2822,0.8252255541571621
2823,0.4107456628082479
2824,0.8844297408031652
2825,0.6976768812224097
2826,0.8310796302620449
2827,0.4457456955173307
2828,0.49542398230709694
2829,0.8158843088136478
2830,0.8557228219115063
2831,0.7140785004533988
2832,0.67701377708119
2833,0.8664442999010484
2834,0.8690726152831169
2835,0.5743882420553961
2836,0.7555437135173141
2837,0.2127762794720824
2838,0.9056623924768077
2839,0.7829627865408706
2840,0.833501298363871
2841,0.37086487712026234
2842,0.7983416939769915
2843,0.7899627711032174
2844,0.17938570548672628
2845,0.7493742877697686
2846,0.8528802751098498
2847,0.8166579916711589
2848,0.8875662741426181
2849,0.869233081998988
2850,0.5474338752396547
2851,0.7504792229747268
2852,0.5163341752280544
2853,0.9136307013882428
2854,0.3004799014524388
2855,0.29523276994406716
2856,0.31550801063933476
2857,0.864661345668644
2858,0.47184092448302933
2859,0.8916093434884718
2860,0.40912441391891907
2861,0.8085915662275382
2862,0.5353670524700155
2863,0.8588773384016927
2864,0.883411489931333
2865,0.3640384174381488
2866,0.4796700044422689
2867,0.9023185695142263
2868,0.555794580419355
2869,0.7736575852231282
2870,0.40451464744464055
2871,0.8409186030845063
2872,0.23933184808677102
2873,0.836464182672461
2874,0.925571676947978
2875,0.5481224865161287
2876,0.7742740015429372
2877,0.4936586901400866
2878,0.6300601994462323
2879,0.8672705141011793
2880,0.844012684981508
2881,0.8839955138879425
2882,0.8836929650747399
2883,0.7299199238812982
2884,0.7871892721432092
2885,0.8143031669454966
2886,0.6153935926010157
2887,0.5619696537075933
2888,0.8984009801139791
2889,0.7674865537376476
2890,0.5122649857849969
2891,0.5053336085927694
2892,0.32492410005360695
2893,0.8786165850916239
2894,0.5826767399447664
2895,0.36341017561288647
2896,0.8285948984306308
2897,0.6194868994275446
2898,0.8108876010929921
2899,0.5205996967451371
2900,0.8368691983529767
2901,0.790726869443223
2902,0.9225281203211747
2903,0.8641168686798263
2904,0.5349184401141515
2905,0.31365477494671135
2906,0.5989223403011651
2907,0.8423376947131398
2908,0.8499067670526778
2909,0.8042764496462241
2910,0.30120790939847897
2911,0.45786953755920046
2912,0.8881133921937836
2913,0.7501121351993529
2914,0.2849920992117272
2915,0.7289015883781391
2916,0.5977314889346403
2917,0.60632911168149
2918,0.3108512436102254
2919,0.781099016262957
2920,0.7733011497568449
2921,0.5619653996001401
2922,0.8238853349110595
2923,0.4085052319026521
2924,0.8834794124974864
2925,0.6957192246472035
2926,0.829775041794144
2927,0.44345802886792585
2928,0.4931081881017466
2929,0.8144885610651404
2930,0.8545752521522751
2931,0.7121832364951824
2932,0.6749846509727176
2933,0.8653685911528951
2934,0.868014851257452
2935,0.5721218590631326
2936,0.7538285523431011
2937,0.21122859641267422
2938,0.9048678791725003
2939,0.7813843393678351
2940,0.832211636732427
2941,0.3687058647978282
2942,0.796846072492615
2943,0.7884214757491985
2944,0.1780259726394838
2945,0.7476302990892896
2946,0.8517140138730195
2947,0.8152667810802348
2948,0.8866384315634765
2949,0.8681764177421626
2950,0.5451376243136926
2951,0.7487403450527639
2952,0.5140202104671043
2953,0.9128968430350427
2954,0.29853620541420667
2955,0.29330878390878656
2956,0.3135106713640381
2957,0.863573537479931
2958,0.46953278625423545
2959,0.8907107574052195
2960,0.40688671987719294
2961,0.8071536009403719
2962,0.5330617988786557
2963,0.8577506885131922
2964,0.8824539014269951
2965,0.36189628582097894
2966,0.47735818251956325
2967,0.9014989573719061
2968,0.5535061513879548
2969,0.7720311681568554
2970,0.40228500066594747
2971,0.8396753431439643
2972,0.23764931757422791
2973,0.8351929330389801
2974,0.924930941596564
2975,0.5458268308114643
2976,0.7726507122056506
2977,0.4913431123401557
2978,0.6278982205301771
2979,0.8662004323633192
2980,0.8427890853732065
2981,0.8830420871399042
2982,0.8827373815656298
2983,0.7280896816685931
2984,0.7856331472151109
2985,0.8128981816038386
2986,0.6131985206637471
2987,0.5596878346123069
2988,0.8975522289319361
2989,0.7658292155115332
2990,0.5099500300022045
2991,0.5030176713276232
2992,0.32289527110639005
2993,0.8776250695730612
2994,0.5804222526626546
2995,0.3612696407600298
2996,0.8272751083955371
2997,0.6173006611208065
2998,0.8094628202946681
2999,0.5182871003293761
3000,0.8356004783291079
3001,0.7891896848776144
3002,0.9218633956343807
3003,0.8630253774343998
3004,0.532612903898702
3005,0.3116638258419636
3006,0.5966948700106806
3007,0.841103429695125
3008,0.8487211149845894
3009,0.8028139722868434
3010,0.29926151879010093
3011,0.45557079239925924
3012,0.8871894907628298
3013,0.7483715568257576
3014,0.28310804155029734
3015,0.7270670256507539
3016,0.5955018716995364
3017,0.604115586407907
3018,0.3088700817268516
3019,0.7795108315496941
3020,0.7716729273551677
3021,0.5596835757075608
3022,0.822537048573695
3023,0.40626859593418596
3024,0.8825223076812977
3025,0.6937544558891249
3026,0.8284624574709862
3027,0.44117275763476194
3028,0.4907926895957594
3029,0.8130846564435422
3030,0.8534201182241029
3031,0.7102805066731824
3032,0.6729489352749524
3033,0.8642855753360967
3034,0.8669498498397665
3035,0.5698524454247346
3036,0.7521053055620688
3037,0.20968917222353825
3038,0.9040673832503009
3039,0.779797641161716
3040,0.8309140121497045
3041,0.3665520983421077
3042,0.7953422021520332
3043,0.7868719215332352
3044,0.1766743275036906
3045,0.7458782901264815
3046,0.8505401274988803
3047,0.8138674199537976
3048,0.8857039181144084
3049,0.8671125204331807
3050,0.5428394521353088
3051,0.746993434422156
3052,0.5117056445152157
3053,0.9121573487854573
3054,0.2965997514052001
3055,0.29139215211450076
3056,0.3115202217977955
3057,0.8624783764596285
3058,0.46722595064239486
3059,0.8898056425025783
3060,0.4046528831281609
3061,0.8057074286173226
3062,0.5307551326750438
3063,0.856616545620437
3064,0.8814895029671188
3065,0.3597596286595629
3066,0.4750473302564831
3067,0.9006732251655145
3068,0.5512154524852511
3069,0.7703965326160348
3070,0.40005938708082023
3071,0.8384242337480436
3072,0.23597494603683966
3073,0.8339137634787481
3074,0.9242851415320986
3075,0.5435292250119342
3076,0.7710192014699161
3077,0.4890279059309626
3078,0.6257311121075214
3079,0.8651230651744932
3080,0.8415576893948611
3081,0.8820818695681149
3082,0.8817749973046518
3083,0.7262516881009311
3084,0.7840687647874581
3085,0.8114850270470882
3086,0.6109988399044739
3087,0.5574034905716262
3088,0.8966972026331534
3089,0.7641636939666903
3090,0.5076346473924311
3091,0.5007016045666993
3092,0.32087308889380706
3093,0.8766265921655078
3094,0.5781644034211919
3095,0.3591346010721622
3096,0.8259472908415607
3097,0.6151096660138834
3098,0.8080298463979736
3099,0.5159737201898467
3100,0.8343238444977614
3101,0.7876442414795671
3102,0.9211934546895786
3103,0.861926519623405
3104,0.5303059740856376
3105,0.30967981229731323
3106,0.5944634053407833
3107,0.8398613391458208
3108,0.8475277771784013
3109,0.801343266253199
3110,0.29732235419010744
3111,0.45327393882236117
3112,0.8862589372960513
3113,0.746622949836939
3114,0.2812315402133668
3115,0.7252247281795908
3116,0.5932683056079284
3117,0.6018977868433871
3118,0.30689592350347145
3119,0.7779144003214907
3120,0.7700364882187244
3121,0.5573992270445409
3122,0.8211806804728595
3123,0.4040358410064975
3124,0.8815583951275989
3125,0.6917826208949444
3126,0.8271418604040054
3127,0.43888997597168944
3128,0.4884775860787575
3129,0.8116725840117098
3130,0.8522573951544498
3131,0.7083703489219442
3132,0.6709066856217636
3133,0.8631952246956254
3134,0.8658775826702476
3135,0.5675800926403824
3136,0.7503739903383058
3137,0.20815800650819513
3138,0.9032608716241546
3139,0.7782026956833148
3140,0.8296084068405727
3141,0.3644036507457466
3142,0.7938300795958456
3143,0.7853141089287685
3144,0.17533075562294234
3145,0.7441182811329442
3146,0.8493585918331262
3147,0.8124598970366856
3148,0.8847627021319436
3149,0.8660413616763352
3150,0.5405394550378677
3151,0.7452385107805103
3152,0.5093905765020461
3153,0.9114121855671864
3154,0.2946705816623117
3155,0.28948291425397604
3156,0.30953671132922317
3157,0.8613758352808121
3158,0.4649205154548758
3159,0.8888939666340518
3160,0.40242298932014137
3161,0.8042530413897259
3162,0.5284471516376442
3163,0.8554748838813483
3164,0.8805182634777345
3165,0.357628516334717
3166,0.47273754614662367
3167,0.8998413399242807
3168,0.548922578779802
3169,0.7687536868307763
3170,0.39783789100500977
3171,0.8371652545239149
3172,0.2343087456030365
3173,0.8326266551572056
3174,0.923634244509086
3175,0.5412297653548289
3176,0.769379477266727
3177,0.4867131701520146
3178,0.6235589492302186
3179,0.8640383845861531
3180,0.840318475645293
3181,0.8811148300101609
3182,0.8808057811749848
3183,0.7244059732084457
3184,0.7824961266276432
3185,0.8100636929926373
3186,0.6087946304857537
3187,0.555116715583472
3188,0.8958358684694756
3189,0.7624900003481226
3190,0.5053189372254138
3191,0.4983855076971423
3192,0.3188576071586769
3193,0.8756211225883895
3194,0.5759032818029557
3195,0.3570051266848671
3196,0.8246114298084727
3197,0.6129139928950208
3198,0.8065886705547615
3199,0.5136596552529396
