ID,Population
0,3.3333333333333335e-05
1,6.666666666666667e-05
2,0.0
3,0.0
4,0.0
5,0.0
6,0.0
7,0.0
8,3.3333333333333335e-05
9,3.3333333333333335e-05
10,0.0
11,0.0
12,3.3333333333333335e-05
13,3.3333333333333335e-05
14,0.0
15,0.0
16,3.3333333333333335e-05
17,0.0
18,0.0
19,0.0
20,6.666666666666667e-05
21,0.0
22,3.3333333333333335e-05
23,0.0
24,3.3333333333333335e-05
25,0.0
26,0.0
27,0.0
28,0.0
29,0.0
30,0.0
31,0.0
32,0.0
33,6.666666666666667e-05
34,0.0
35,0.0
36,0.0001
37,0.0
38,0.0
39,3.3333333333333335e-05
40,0.0
41,0.0
42,6.666666666666667e-05
43,3.3333333333333335e-05
44,0.0
45,0.0
46,0.0
47,0.0
48,3.3333333333333335e-05
49,0.0
50,0.0
51,6.666666666666667e-05
52,0.0
53,3.3333333333333335e-05
54,0.0
55,0.0
56,0.0
57,3.3333333333333335e-05
58,0.0
59,0.0
60,0.0
61,0.0
62,0.0
63,0.0
64,6.666666666666667e-05
65,0.0
66,3.3333333333333335e-05
67,3.3333333333333335e-05
68,0.0
69,0.0
70,0.0
71,0.0
72,0.0
73,0.0
74,3.3333333333333335e-05
75,0.0
76,0.0
77,3.3333333333333335e-05
78,0.0
79,0.0
80,3.3333333333333335e-05
81,0.0
82,0.0
83,0.0
84,0.0
85,3.3333333333333335e-05
86,0.0
87,0.0
88,3.3333333333333335e-05
89,0.0
90,0.0
91,0.0
92,0.0
93,0.0
94,0.0
95,0.0
96,0.0
97,3.3333333333333335e-05
98,0.0
99,0.0
100,6.666666666666667e-05
101,0.0003333333333333333
102,6.666666666666667e-05
103,0.0
104,6.666666666666667e-05
105,0.00013333333333333334
106,6.666666666666667e-05
107,0.0
108,3.3333333333333335e-05
109,0.0002
110,0.0001
111,0.0
112,0.00016666666666666666
113,0.0
114,0.00016666666666666666
115,3.3333333333333335e-05
116,0.00023333333333333333
117,0.00036666666666666667
118,0.00016666666666666666
119,0.0
120,3.3333333333333335e-05
121,0.0
122,0.0002
123,6.666666666666667e-05
124,0.0001
125,0.00013333333333333334
126,0.0
127,0.00013333333333333334
128,0.0002
129,3.3333333333333335e-05
130,0.0
131,6.666666666666667e-05
132,0.00016666666666666666
133,3.3333333333333335e-05
134,0.0
135,0.0001
136,0.00013333333333333334
137,0.0003
138,0.0
139,0.00013333333333333334
140,0.0003333333333333333
141,0.0
142,6.666666666666667e-05
143,0.00036666666666666667
144,0.0
145,0.0
146,0.0002
147,0.0
148,6.666666666666667e-05
149,0.0
150,0.0
151,0.0001
152,0.00016666666666666666
153,0.00013333333333333334
154,6.666666666666667e-05
155,0.0
156,3.3333333333333335e-05
157,0.0
158,6.666666666666667e-05
159,0.0001
160,0.00023333333333333333
161,0.0
162,0.0
163,0.0001
164,0.0005666666666666667
165,0.0001
166,3.3333333333333335e-05
167,0.0001
168,0.0001
169,6.666666666666667e-05
170,0.0
171,0.00016666666666666666
172,6.666666666666667e-05
173,6.666666666666667e-05
174,0.0001
175,6.666666666666667e-05
176,0.0
177,0.0002
178,0.0
179,3.3333333333333335e-05
180,3.3333333333333335e-05
181,0.0001
182,3.3333333333333335e-05
183,0.0
184,0.00016666666666666666
185,3.3333333333333335e-05
186,3.3333333333333335e-05
187,0.0
188,6.666666666666667e-05
189,0.0
190,0.0
191,0.0
192,0.0
193,0.00013333333333333334
194,0.0001
195,0.0001
196,0.0
197,0.0
198,6.666666666666667e-05
199,0.0
200,0.001
201,0.0013333333333333333
202,0.0003
203,0.00013333333333333334
204,0.0006333333333333333
205,0.0012333333333333332
206,0.0003
207,0.0
208,0.0008333333333333334
209,0.0014
210,0.00036666666666666667
211,0.0001
212,0.0004333333333333333
213,0.00013333333333333334
214,0.0004333333333333333
215,0.0002
216,0.0014333333333333333
217,0.0014
218,0.0007
219,0.0
220,0.0005666666666666667
221,0.00016666666666666666
222,0.0012333333333333332
223,0.0008
224,0.00013333333333333334
225,0.0006
226,6.666666666666667e-05
227,0.0003333333333333333
228,0.0011333333333333334
229,0.00013333333333333334
230,0.0
231,0.0004333333333333333
232,0.0005
233,0.0006333333333333333
234,0.00016666666666666666
235,0.0003333333333333333
236,0.00036666666666666667
237,0.0011333333333333334
238,6.666666666666667e-05
239,0.0010333333333333334
240,0.0013
241,3.3333333333333335e-05
242,0.0014333333333333333
243,0.0024666666666666665
244,0.0002666666666666667
245,0.0
246,0.001
247,0.0
248,0.0004
249,0.0
250,0.0
251,0.0008666666666666666
252,0.0009333333333333333
253,0.00046666666666666666
254,0.0004
255,0.0
256,0.0003
257,0.0006333333333333333
258,0.00016666666666666666
259,0.00016666666666666666
260,0.00023333333333333333
261,0.0
262,0.0001
263,0.0004333333333333333
264,0.0031333333333333335
265,0.0004
266,0.0006666666666666666
267,0.00036666666666666667
268,0.001
269,0.00023333333333333333
270,3.3333333333333335e-05
271,0.0002666666666666667
272,0.0003333333333333333
273,0.0004
274,0.0005
275,0.0007333333333333333
276,3.3333333333333335e-05
277,0.0009666666666666667
278,0.0
279,0.0004
280,0.00016666666666666666
281,0.00016666666666666666
282,0.00023333333333333333
283,0.00016666666666666666
284,0.0004
285,0.0004333333333333333
286,3.3333333333333335e-05
287,0.00016666666666666666
288,0.00016666666666666666
289,0.0
290,0.0
291,6.666666666666667e-05
292,6.666666666666667e-05
293,0.0004333333333333333
294,0.00023333333333333333
295,0.0006666666666666666
296,3.3333333333333335e-05
297,0.0002
298,0.00016666666666666666
299,3.3333333333333335e-05
300,0.0008666666666666666
301,0.0007666666666666667
302,6.666666666666667e-05
303,3.3333333333333335e-05
304,0.0006
305,0.0002666666666666667
306,0.0002666666666666667
307,0.0
308,0.0006333333333333333
309,0.0009
310,0.00013333333333333334
311,0.0
312,0.0001
313,3.3333333333333335e-05
314,0.0002
315,0.00013333333333333334
316,0.0008333333333333334
317,0.0006666666666666666
318,0.0003333333333333333
319,0.0
320,0.00016666666666666666
321,0.0001
322,0.0007
323,0.00046666666666666666
324,6.666666666666667e-05
325,0.0005333333333333334
326,3.3333333333333335e-05
327,0.00016666666666666666
328,0.0005
329,0.0
330,6.666666666666667e-05
331,0.0001
332,0.0003333333333333333
333,0.00016666666666666666
334,0.0003333333333333333
335,0.0002
336,0.00016666666666666666
337,0.00036666666666666667
338,0.0
339,0.0004
340,0.0005
341,0.0
342,0.00046666666666666666
343,0.0014666666666666667
344,3.3333333333333335e-05
345,0.0
346,0.0005333333333333334
347,0.0
348,0.0002
349,0.0
350,3.3333333333333335e-05
351,0.00023333333333333333
352,0.0002666666666666667
353,0.0002666666666666667
354,0.00023333333333333333
355,0.0
356,0.00016666666666666666
357,0.0002
358,6.666666666666667e-05
359,0.00023333333333333333
360,0.0001
361,0.0
362,3.3333333333333335e-05
363,0.0002666666666666667
364,0.0019
365,0.0001
366,0.00023333333333333333
367,0.0001
368,0.00016666666666666666
369,0.0001
370,0.0
371,0.0001
372,6.666666666666667e-05
373,0.00016666666666666666
374,0.0002666666666666667
375,0.0001
376,3.3333333333333335e-05
377,0.00046666666666666666
378,0.0001
379,0.00016666666666666666
380,6.666666666666667e-05
381,0.00013333333333333334
382,0.0003333333333333333
383,0.0
384,0.00016666666666666666
385,0.0001
386,6.666666666666667e-05
387,3.3333333333333335e-05
388,0.0001
389,0.0
390,0.0
391,6.666666666666667e-05
392,6.666666666666667e-05
393,0.0005
394,0.0001
395,0.00023333333333333333
396,0.0
397,6.666666666666667e-05
398,6.666666666666667e-05
399,3.3333333333333335e-05
400,0.00046666666666666666
401,3.3333333333333335e-05
402,0.00023333333333333333
403,6.666666666666667e-05
404,0.0001
405,3.3333333333333335e-05
406,0.0
407,3.3333333333333335e-05
408,0.00023333333333333333
409,0.0005
410,0.0
411,0.0
412,3.3333333333333335e-05
413,0.0
414,0.0
415,0.0001
416,0.0
417,0.0
418,0.0
419,0.0
420,6.666666666666667e-05
421,0.0
422,0.00036666666666666667
423,0.0
424,3.3333333333333335e-05
425,0.00016666666666666666
426,3.3333333333333335e-05
427,3.3333333333333335e-05
428,0.0001
429,0.0
430,3.3333333333333335e-05
431,0.0
432,0.00016666666666666666
433,3.3333333333333335e-05
434,3.3333333333333335e-05
435,3.3333333333333335e-05
436,0.00013333333333333334
437,0.0
438,6.666666666666667e-05
439,3.3333333333333335e-05
440,0.00016666666666666666
441,0.0
442,0.0
443,0.00013333333333333334
444,0.0
445,0.0
446,0.0001
447,3.3333333333333335e-05
448,3.3333333333333335e-05
449,0.0
450,0.0
451,0.0001
452,0.0
453,3.3333333333333335e-05
454,0.0
455,0.0
456,0.0
457,6.666666666666667e-05
458,0.0
459,0.0
460,3.3333333333333335e-05
461,0.0
462,0.0
463,0.0
464,0.00016666666666666666
465,0.0
466,0.0
467,3.3333333333333335e-05
468,0.0
469,3.3333333333333335e-05
470,0.0
471,0.0
472,0.0
473,3.3333333333333335e-05
474,3.3333333333333335e-05
475,0.0
476,3.3333333333333335e-05
477,0.0
478,3.3333333333333335e-05
479,3.3333333333333335e-05
480,0.00013333333333333334
481,0.0
482,6.666666666666667e-05
483,0.0
484,0.0
485,3.3333333333333335e-05
486,0.0
487,3.3333333333333335e-05
488,3.3333333333333335e-05
489,0.0001
490,0.0
491,0.0
492,0.0
493,0.0001
494,3.3333333333333335e-05
495,0.0
496,0.0
497,0.0
498,0.0
499,6.666666666666667e-05
500,0.0015
501,0.0007333333333333333
502,0.0007666666666666667
503,0.0004
504,0.0012
505,0.00046666666666666666
506,0.0004
507,3.3333333333333335e-05
508,0.0016
509,0.002
510,0.0003333333333333333
511,0.00016666666666666666
512,0.00036666666666666667
513,0.00016666666666666666
514,0.0002
515,0.00036666666666666667
516,0.0008333333333333334
517,0.0007333333333333333
518,0.0002666666666666667
519,0.0001
520,0.00016666666666666666
521,0.00016666666666666666
522,0.0016666666666666668
523,0.0005
524,0.0001
525,0.0009333333333333333
526,0.0001
527,3.3333333333333335e-05
528,0.0005333333333333334
529,0.0003333333333333333
530,0.0002666666666666667
531,0.0002
532,0.00046666666666666666
533,0.0003
534,0.0003333333333333333
535,0.00023333333333333333
536,0.0002666666666666667
537,0.0008333333333333334
538,0.00016666666666666666
539,0.00046666666666666666
540,0.0007333333333333333
541,0.00013333333333333334
542,0.0009666666666666667
543,0.0010333333333333334
544,0.0001
545,3.3333333333333335e-05
546,0.0006
547,0.0
548,0.0002
549,6.666666666666667e-05
550,0.0001
551,0.0002
552,0.00023333333333333333
553,0.0002666666666666667
554,6.666666666666667e-05
555,0.0
556,0.00013333333333333334
557,0.0004333333333333333
558,0.0001
559,0.00023333333333333333
560,0.00013333333333333334
561,0.0
562,6.666666666666667e-05
563,0.0002666666666666667
564,0.0022
565,0.0001
566,0.0003
567,0.00013333333333333334
568,0.0003333333333333333
569,0.0002666666666666667
570,6.666666666666667e-05
571,0.00023333333333333333
572,0.0002
573,0.00016666666666666666
574,0.0002666666666666667
575,6.666666666666667e-05
576,0.00016666666666666666
577,0.0004333333333333333
578,6.666666666666667e-05
579,0.0001
580,0.00013333333333333334
581,0.00013333333333333334
582,0.0001
583,0.00013333333333333334
584,0.0002666666666666667
585,0.0002
586,3.3333333333333335e-05
587,0.0002
588,0.00023333333333333333
589,3.3333333333333335e-05
590,3.3333333333333335e-05
591,3.3333333333333335e-05
592,0.0
593,0.0005333333333333334
594,0.00013333333333333334
595,0.0003
596,6.666666666666667e-05
597,0.00016666666666666666
598,6.666666666666667e-05
599,3.3333333333333335e-05
600,0.007466666666666667
601,0.0036333333333333335
602,0.005633333333333333
603,0.0026666666666666666
604,0.0045
605,0.0025666666666666667
606,0.0008666666666666666
607,0.0002666666666666667
608,0.0051
609,0.010833333333333334
610,0.0006
611,0.0005666666666666667
612,0.0009666666666666667
613,0.00036666666666666667
614,0.0006666666666666666
615,0.0013
616,0.004333333333333333
617,0.0024333333333333334
618,0.0024
619,0.0004333333333333333
620,0.0008333333333333334
621,0.0006666666666666666
622,0.0077
623,0.0024333333333333334
624,0.0007333333333333333
625,0.0024333333333333334
626,0.0004
627,0.0005666666666666667
628,0.0017666666666666666
629,0.0013333333333333333
630,0.0013666666666666666
631,0.0007
632,0.0026666666666666666
633,0.0012
634,0.0017666666666666666
635,0.0010666666666666667
636,0.0009
637,0.0034333333333333334
638,0.0014
639,0.002
640,0.0028
641,0.0003
642,0.002766666666666667
643,0.005033333333333333
644,0.00013333333333333334
645,0.0006333333333333333
646,0.0021
647,0.00013333333333333334
648,0.0010333333333333334
649,0.0006333333333333333
650,0.0007333333333333333
651,0.0009
652,0.0011333333333333334
653,0.0013666666666666666
654,0.0005333333333333334
655,3.3333333333333335e-05
656,0.00046666666666666666
657,0.0016
658,0.0006333333333333333
659,0.0005333333333333334
660,0.0006
661,0.0
662,0.0002666666666666667
663,0.0010333333333333334
664,0.0111
665,0.001
666,0.0013
667,0.001
668,0.0012333333333333332
669,0.0006333333333333333
670,0.00036666666666666667
671,0.0011
672,0.001
673,0.0006666666666666666
674,0.0013
675,0.0010333333333333334
676,0.0006
677,0.002
678,0.00023333333333333333
679,0.0014666666666666667
680,0.0015
681,0.0008
682,0.0008666666666666666
683,0.00036666666666666667
684,0.0009
685,0.0005
686,0.0002666666666666667
687,0.0014666666666666667
688,0.001
689,0.00016666666666666666
690,0.00016666666666666666
691,0.00023333333333333333
692,0.0002666666666666667
693,0.0016666666666666668
694,0.0006
695,0.0019333333333333333
696,0.0006666666666666666
697,0.0003333333333333333
698,0.0003333333333333333
699,0.0006666666666666666
700,0.0177
701,0.0021333333333333334
702,0.0074
703,0.0018333333333333333
704,0.0072
705,0.0016333333333333334
706,0.0006666666666666666
707,0.0001
708,0.014
709,0.0151
710,0.0004333333333333333
711,0.0004333333333333333
712,0.0013333333333333333
713,0.0010666666666666667
714,0.0007666666666666667
715,0.0036666666666666666
716,0.0036
717,0.0012333333333333332
718,0.0013333333333333333
719,0.0005333333333333334
720,0.0005
721,0.0012666666666666666
722,0.0141
723,0.0018
724,0.0009666666666666667
725,0.005866666666666667
726,0.0013666666666666666
727,0.00013333333333333334
728,0.0008666666666666666
729,0.0016333333333333334
730,0.0011666666666666668
731,0.0008333333333333334
732,0.004566666666666667
733,0.0014666666666666667
734,0.004633333333333333
735,0.0014666666666666667
736,0.0007
737,0.0026
738,0.0022
739,0.0007333333333333333
740,0.0015666666666666667
741,0.00023333333333333333
742,0.0013
743,0.0031
744,0.00013333333333333334
745,0.0007333333333333333
746,0.0012
747,0.00016666666666666666
748,0.0017333333333333333
749,0.0005
750,0.0007
751,0.0002666666666666667
752,0.0007333333333333333
753,0.0017333333333333333
754,0.00023333333333333333
755,0.00013333333333333334
756,0.0003
757,0.0018
758,0.0011333333333333334
759,0.0013
760,0.0002
761,3.3333333333333335e-05
762,0.00013333333333333334
763,0.0015
764,0.009466666666666667
765,0.0007333333333333333
766,0.0008666666666666666
767,0.001
768,0.0011333333333333334
769,0.0002
770,0.0
771,0.0018333333333333333
772,0.0010666666666666667
773,0.0005
774,0.0015666666666666667
775,0.0005
776,0.0005333333333333334
777,0.0007333333333333333
778,0.0004
779,0.0011666666666666668
780,0.0019333333333333333
781,0.0009
782,0.0021
783,0.0007333333333333333
784,0.0005333333333333334
785,0.0004333333333333333
786,0.0007
787,0.0008666666666666666
788,0.0007333333333333333
789,0.0003
790,0.00013333333333333334
791,0.00016666666666666666
792,0.0001
793,0.0013333333333333333
794,0.0003
795,0.0009333333333333333
796,0.0006666666666666666
797,0.00023333333333333333
798,0.0002666666666666667
799,0.0002
800,6.666666666666667e-05
801,0.0
802,0.00013333333333333334
803,3.3333333333333335e-05
804,0.0
805,0.0
806,0.0
807,3.3333333333333335e-05
808,6.666666666666667e-05
809,6.666666666666667e-05
810,0.0
811,0.0
812,0.0
813,0.0
814,0.0
815,0.0
816,6.666666666666667e-05
817,0.0001
818,0.0
819,0.0
820,3.3333333333333335e-05
821,0.0
822,0.00016666666666666666
823,3.3333333333333335e-05
824,0.0
825,3.3333333333333335e-05
826,0.0
827,0.0
828,3.3333333333333335e-05
829,0.0001
830,0.0
831,0.0
832,6.666666666666667e-05
833,0.0
834,0.0
835,0.0
836,0.0001
837,0.0
838,0.0
839,6.666666666666667e-05
840,0.0001
841,3.3333333333333335e-05
842,0.0
843,3.3333333333333335e-05
844,0.0
845,3.3333333333333335e-05
846,0.0
847,0.0
848,0.0
849,3.3333333333333335e-05
850,0.0
851,0.0
852,3.3333333333333335e-05
853,3.3333333333333335e-05
854,0.0
855,0.0
856,0.0
857,0.0
858,0.0
859,0.0
860,0.0
861,0.0
862,0.0
863,3.3333333333333335e-05
864,0.0
865,0.0
866,0.0
867,3.3333333333333335e-05
868,3.3333333333333335e-05
869,0.0
870,0.0
871,0.0
872,0.0
873,0.0
874,3.3333333333333335e-05
875,0.0
876,0.0
877,0.0
878,0.0
879,0.0
880,3.3333333333333335e-05
881,0.0
882,0.0
883,0.0
884,0.0
885,0.0
886,3.3333333333333335e-05
887,0.0
888,0.0
889,0.0
890,0.0
891,0.0
892,0.0
893,3.3333333333333335e-05
894,0.0
895,0.0
896,0.0
897,0.0
898,0.0
899,0.0
900,0.0011666666666666668
901,0.0011333333333333334
902,0.0005333333333333334
903,0.0002666666666666667
904,0.0002666666666666667
905,0.0004333333333333333
906,0.0001
907,0.0
908,0.0006333333333333333
909,0.0011333333333333334
910,0.00013333333333333334
911,3.3333333333333335e-05
912,0.0002666666666666667
913,6.666666666666667e-05
914,6.666666666666667e-05
915,0.0003
916,0.0008333333333333334
917,0.00046666666666666666
918,0.0004
919,0.00013333333333333334
920,0.00013333333333333334
921,3.3333333333333335e-05
922,0.0006666666666666666
923,0.0003333333333333333
924,0.0001
925,0.0005333333333333334
926,0.0
927,6.666666666666667e-05
928,0.00036666666666666667
929,0.00036666666666666667
930,0.0002
931,0.00013333333333333334
932,0.0004
933,0.00023333333333333333
934,0.00013333333333333334
935,0.00016666666666666666
936,0.0003333333333333333
937,0.00036666666666666667
938,0.00016666666666666666
939,0.0003
940,0.0007333333333333333
941,0.0
942,0.0008333333333333334
943,0.0006333333333333333
944,0.00016666666666666666
945,3.3333333333333335e-05
946,0.0006333333333333333
947,0.0
948,0.00016666666666666666
949,3.3333333333333335e-05
950,0.0
951,0.00013333333333333334
952,0.0004333333333333333
953,0.00023333333333333333
954,0.00013333333333333334
955,0.0
956,3.3333333333333335e-05
957,0.00013333333333333334
958,0.0001
959,0.0001
960,3.3333333333333335e-05
961,0.0
962,0.0
963,0.0002
964,0.002
965,0.0003
966,0.0002666666666666667
967,0.0002
968,3.3333333333333335e-05
969,6.666666666666667e-05
970,3.3333333333333335e-05
971,0.0002666666666666667
972,0.0001
973,0.0001
974,0.00016666666666666666
975,0.0001
976,0.0001
977,0.0003
978,0.0001
979,0.00013333333333333334
980,0.00016666666666666666
981,0.0002
982,0.00016666666666666666
983,3.3333333333333335e-05
984,6.666666666666667e-05
985,0.00023333333333333333
986,3.3333333333333335e-05
987,0.0001
988,6.666666666666667e-05
989,0.0
990,0.0
991,3.3333333333333335e-05
992,0.0
993,0.00023333333333333333
994,0.00013333333333333334
995,6.666666666666667e-05
996,6.666666666666667e-05
997,0.0
998,3.3333333333333335e-05
999,3.3333333333333335e-05
1000,0.0016333333333333334
1001,0.0016333333333333334
1002,0.0011666666666666668
1003,0.0005
1004,0.0003
1005,0.0006
1006,0.0002
1007,0.0
1008,0.0010333333333333334
1009,0.0015666666666666667
1010,0.00016666666666666666
1011,3.3333333333333335e-05
1012,0.00013333333333333334
1013,6.666666666666667e-05
1014,6.666666666666667e-05
1015,0.00023333333333333333
1016,0.0012333333333333332
1017,0.0005
1018,0.0002666666666666667
1019,0.00016666666666666666
1020,0.00036666666666666667
1021,3.3333333333333335e-05
1022,0.0014
1023,0.0004
1024,0.00016666666666666666
1025,0.0006
1026,3.3333333333333335e-05
1027,0.0001
1028,0.0005
1029,0.0003333333333333333
1030,0.0003
1031,0.0001
1032,0.00036666666666666667
1033,0.00016666666666666666
1034,0.00016666666666666666
1035,0.0003333333333333333
1036,0.0006
1037,0.0008333333333333334
1038,0.00023333333333333333
1039,0.0007
1040,0.0007666666666666667
1041,0.0
1042,0.0009333333333333333
1043,0.0011333333333333334
1044,6.666666666666667e-05
1045,6.666666666666667e-05
1046,0.0006666666666666666
1047,6.666666666666667e-05
1048,0.0002666666666666667
1049,0.00013333333333333334
1050,3.3333333333333335e-05
1051,0.00023333333333333333
1052,0.0002
1053,0.00036666666666666667
1054,0.00016666666666666666
1055,0.0
1056,6.666666666666667e-05
1057,0.0003333333333333333
1058,0.00023333333333333333
1059,0.00023333333333333333
1060,3.3333333333333335e-05
1061,0.0
1062,0.0
1063,0.0002666666666666667
1064,0.0020666666666666667
1065,0.00013333333333333334
1066,0.0002
1067,0.0002666666666666667
1068,0.00023333333333333333
1069,0.00016666666666666666
1070,6.666666666666667e-05
1071,0.0004
1072,6.666666666666667e-05
1073,0.0002
1074,0.00016666666666666666
1075,0.0002666666666666667
1076,0.0001
1077,0.00046666666666666666
1078,6.666666666666667e-05
1079,0.00013333333333333334
1080,0.00016666666666666666
1081,0.0002666666666666667
1082,0.00023333333333333333
1083,3.3333333333333335e-05
1084,0.00016666666666666666
1085,0.00013333333333333334
1086,3.3333333333333335e-05
1087,0.00016666666666666666
1088,0.00013333333333333334
1089,0.0001
1090,3.3333333333333335e-05
1091,3.3333333333333335e-05
1092,0.0
1093,0.00023333333333333333
1094,3.3333333333333335e-05
1095,0.0003
1096,6.666666666666667e-05
1097,0.0
1098,0.00016666666666666666
1099,0.0
1100,0.0016
1101,0.0004
1102,0.0005333333333333334
1103,0.00036666666666666667
1104,0.0007
1105,6.666666666666667e-05
1106,6.666666666666667e-05
1107,0.0001
1108,0.0016333333333333334
1109,0.0009666666666666667
1110,6.666666666666667e-05
1111,6.666666666666667e-05
1112,6.666666666666667e-05
1113,0.0001
1114,6.666666666666667e-05
1115,0.0003333333333333333
1116,0.00023333333333333333
1117,6.666666666666667e-05
1118,0.0001
1119,0.0001
1120,6.666666666666667e-05
1121,6.666666666666667e-05
1122,0.0009666666666666667
1123,0.0001
1124,6.666666666666667e-05
1125,0.0004
1126,6.666666666666667e-05
1127,0.0
1128,0.0001
1129,0.00013333333333333334
1130,0.0002666666666666667
1131,0.0001
1132,0.0005333333333333334
1133,0.00016666666666666666
1134,0.00036666666666666667
1135,3.3333333333333335e-05
1136,0.0
1137,6.666666666666667e-05
1138,0.0002666666666666667
1139,0.0001
1140,0.00023333333333333333
1141,0.0002
1142,0.00036666666666666667
1143,0.00036666666666666667
1144,3.3333333333333335e-05
1145,0.0002
1146,0.0002666666666666667
1147,0.0001
1148,0.0001
1149,6.666666666666667e-05
1150,0.00016666666666666666
1151,3.3333333333333335e-05
1152,3.3333333333333335e-05
1153,0.0
1154,0.0
1155,0.0
1156,3.3333333333333335e-05
1157,0.00016666666666666666
1158,0.0
1159,0.0002
1160,0.0001
1161,3.3333333333333335e-05
1162,0.0
1163,3.3333333333333335e-05
1164,0.00046666666666666666
1165,0.0
1166,0.0002
1167,0.0001
1168,0.0001
1169,6.666666666666667e-05
1170,0.0
1171,0.00016666666666666666
1172,0.0002
1173,6.666666666666667e-05
1174,0.00023333333333333333
1175,6.666666666666667e-05
1176,0.00016666666666666666
1177,0.0001
1178,3.3333333333333335e-05
1179,6.666666666666667e-05
1180,0.0001
1181,0.0001
1182,0.0004333333333333333
1183,0.0001
1184,0.0
1185,3.3333333333333335e-05
1186,0.0001
1187,0.00016666666666666666
1188,0.0
1189,6.666666666666667e-05
1190,0.0001
1191,0.0
1192,0.0
1193,0.00023333333333333333
1194,6.666666666666667e-05
1195,6.666666666666667e-05
1196,0.0001
1197,0.0
1198,0.0001
1199,0.0
1200,0.0
1201,0.0
1202,0.0
1203,0.0
1204,0.0
1205,0.0
1206,0.0
1207,0.0
1208,0.0
1209,0.0
1210,0.0
1211,0.0
1212,0.0
1213,0.0
1214,0.0
1215,0.0
1216,0.0
1217,0.0
1218,0.0
1219,0.0
1220,0.0
1221,0.0
1222,0.0
1223,0.0
1224,0.0
1225,0.0
1226,0.0
1227,0.0
1228,0.0
1229,0.0
1230,0.0
1231,0.0
1232,0.0
1233,0.0
1234,0.0
1235,0.0
1236,0.0
1237,0.0
1238,0.0
1239,0.0
1240,0.0
1241,0.0
1242,0.0
1243,0.0
1244,0.0
1245,0.0
1246,0.0
1247,0.0
1248,0.0
1249,0.0
1250,0.0
1251,0.0
1252,0.0
1253,0.0
1254,0.0
1255,0.0
1256,0.0
1257,0.0
1258,0.0
1259,0.0
1260,0.0
1261,0.0
1262,0.0
1263,0.0
1264,0.0
1265,0.0
1266,0.0
1267,0.0
1268,0.0
1269,0.0
1270,0.0
1271,0.0
1272,0.0
1273,0.0
1274,0.0
1275,0.0
1276,0.0
1277,0.0
1278,0.0
1279,0.0
1280,0.0
1281,0.0
1282,0.0
1283,0.0
1284,0.0
1285,0.0
1286,0.0
1287,0.0
1288,0.0
1289,0.0
1290,0.0
1291,0.0
1292,0.0
1293,0.0
1294,0.0
1295,0.0
1296,0.0
1297,0.0
1298,0.0
1299,0.0
1300,0.0
1301,0.0
1302,0.0
1303,0.0
1304,0.0001
1305,0.0
1306,0.0
1307,0.0
1308,6.666666666666667e-05
1309,3.3333333333333335e-05
1310,0.0
1311,0.0
1312,0.0
1313,0.0
1314,3.3333333333333335e-05
1315,0.0
1316,6.666666666666667e-05
1317,0.0
1318,0.0
1319,0.0
1320,0.0
1321,0.0
1322,3.3333333333333335e-05
1323,0.0
1324,0.0
1325,3.3333333333333335e-05
1326,0.0
1327,0.0
1328,3.3333333333333335e-05
1329,0.0
1330,3.3333333333333335e-05
1331,0.0
1332,0.0
1333,3.3333333333333335e-05
1334,0.0
1335,6.666666666666667e-05
1336,3.3333333333333335e-05
1337,0.0
1338,3.3333333333333335e-05
1339,3.3333333333333335e-05
1340,0.0
1341,0.0
1342,3.3333333333333335e-05
1343,6.666666666666667e-05
1344,0.0
1345,0.0
1346,0.0
1347,0.0
1348,3.3333333333333335e-05
1349,0.0
1350,0.0
1351,3.3333333333333335e-05
1352,0.0
1353,0.0
1354,0.0
1355,0.0
1356,0.0
1357,0.0
1358,0.0
1359,0.0
1360,0.0
1361,0.0
1362,0.0
1363,0.0
1364,3.3333333333333335e-05
1365,0.0
1366,3.3333333333333335e-05
1367,3.3333333333333335e-05
1368,0.0
1369,0.0
1370,0.0
1371,0.0
1372,0.0
1373,0.0
1374,0.0
1375,0.0
1376,0.0
1377,6.666666666666667e-05
1378,0.0
1379,0.0
1380,3.3333333333333335e-05
1381,0.0
1382,3.3333333333333335e-05
1383,0.0
1384,0.0
1385,0.0
1386,0.0
1387,0.0
1388,3.3333333333333335e-05
1389,0.0
1390,0.0
1391,0.0
1392,0.0
1393,0.0
1394,0.0
1395,3.3333333333333335e-05
1396,0.0
1397,0.0
1398,0.0
1399,0.0
1400,6.666666666666667e-05
1401,0.0
1402,0.0
1403,3.3333333333333335e-05
1404,3.3333333333333335e-05
1405,3.3333333333333335e-05
1406,0.0
1407,0.0
1408,0.0
1409,0.0
1410,0.0
1411,0.0
1412,0.0
1413,0.0
1414,0.0
1415,0.0
1416,3.3333333333333335e-05
1417,3.3333333333333335e-05
1418,3.3333333333333335e-05
1419,3.3333333333333335e-05
1420,0.0
1421,0.0
1422,3.3333333333333335e-05
1423,0.0
1424,0.0
1425,0.0
1426,0.0
1427,0.0
1428,0.0
1429,0.0
1430,0.0
1431,0.0
1432,0.0
1433,0.0
1434,0.0
1435,0.0
1436,3.3333333333333335e-05
1437,0.0
1438,0.0
1439,0.0
1440,0.0
1441,0.0
1442,3.3333333333333335e-05
1443,0.0
1444,0.0
1445,6.666666666666667e-05
1446,0.0
1447,0.0
1448,0.0
1449,0.0
1450,0.0
1451,0.0
1452,0.0
1453,0.0
1454,0.0
1455,0.0
1456,0.0
1457,0.0
1458,0.0
1459,0.0
1460,0.0
1461,0.0
1462,0.0
1463,0.0
1464,0.0
1465,0.0
1466,0.0
1467,0.0
1468,0.0
1469,0.0
1470,0.0
1471,0.0
1472,3.3333333333333335e-05
1473,0.0
1474,0.0
1475,0.0
1476,0.0
1477,0.0
1478,0.0
1479,0.0
1480,6.666666666666667e-05
1481,0.0
1482,0.0
1483,0.0
1484,0.0
1485,0.0
1486,0.0
1487,3.3333333333333335e-05
1488,0.0
1489,0.0
1490,0.0
1491,0.0
1492,0.0
1493,0.0
1494,0.0
1495,0.0
1496,0.0
1497,0.0
1498,0.0
1499,0.0
1500,3.3333333333333335e-05
1501,0.0
1502,0.0
1503,0.0
1504,3.3333333333333335e-05
1505,0.0
1506,0.0
1507,0.0
1508,0.0
1509,0.0
1510,0.0
1511,0.0
1512,0.0
1513,0.0
1514,0.0
1515,0.0
1516,0.0
1517,3.3333333333333335e-05
1518,0.0
1519,0.0
1520,0.0
1521,0.0
1522,0.0
1523,0.0
1524,0.0
1525,0.0
1526,0.0
1527,0.0
1528,3.3333333333333335e-05
1529,0.0
1530,0.0
1531,0.0
1532,0.0
1533,0.0
1534,0.0
1535,0.0
1536,0.0
1537,0.0
1538,0.0
1539,0.0
1540,0.0
1541,0.0
1542,0.0
1543,0.0
1544,0.0
1545,0.0
1546,3.3333333333333335e-05
1547,0.0
1548,0.0
1549,0.0
1550,0.0
1551,0.0
1552,0.0
1553,0.0
1554,0.0
1555,0.0
1556,0.0
1557,0.0
1558,0.0
1559,0.0
1560,3.3333333333333335e-05
1561,0.0
1562,0.0
1563,0.0
1564,0.0
1565,0.0
1566,0.0
1567,0.0
1568,0.0
1569,0.0
1570,0.0
1571,3.3333333333333335e-05
1572,3.3333333333333335e-05
1573,0.0
1574,0.0
1575,0.0
1576,0.0
1577,0.0
1578,0.0
1579,0.0
1580,0.0
1581,0.0
1582,0.0
1583,0.0
1584,0.0
1585,0.0
1586,0.0
1587,3.3333333333333335e-05
1588,0.0
1589,0.0
1590,0.0
1591,0.0
1592,0.0
1593,3.3333333333333335e-05
1594,0.0
1595,0.0
1596,0.0
1597,0.0
1598,0.0
1599,3.3333333333333335e-05
1600,0.0
1601,0.0
1602,0.0
1603,0.0
1604,0.0
1605,0.0
1606,0.0
1607,0.0
1608,0.0
1609,0.0
1610,0.0
1611,0.0
1612,0.0
1613,0.0
1614,0.0
1615,0.0
1616,0.0
1617,0.0
1618,0.0
1619,0.0
1620,0.0
1621,0.0
1622,0.0
1623,0.0
1624,0.0
1625,0.0
1626,0.0
1627,0.0
1628,0.0
1629,0.0
1630,0.0
1631,0.0
1632,0.0
1633,0.0
1634,0.0
1635,0.0
1636,0.0
1637,0.0
1638,0.0
1639,0.0
1640,0.0
1641,0.0
1642,0.0
1643,3.3333333333333335e-05
1644,0.0
1645,0.0
1646,0.0
1647,0.0
1648,3.3333333333333335e-05
1649,0.0
1650,0.0
1651,0.0
1652,0.0
1653,0.0
1654,0.0
1655,0.0
1656,0.0
1657,0.0
1658,0.0
1659,0.0
1660,0.0
1661,0.0
1662,0.0
1663,0.0
1664,3.3333333333333335e-05
1665,0.0
1666,0.0
1667,3.3333333333333335e-05
1668,0.0
1669,0.0
1670,0.0
1671,0.0
1672,0.0
1673,0.0
1674,0.0
1675,0.0
1676,0.0
1677,0.0
1678,0.0
1679,0.0
1680,0.0
1681,0.0
1682,0.0
1683,0.0
1684,0.0
1685,0.0
1686,0.0
1687,0.0
1688,0.0
1689,0.0
1690,0.0
1691,0.0
1692,0.0
1693,0.0
1694,0.0
1695,0.0
1696,0.0
1697,0.0
1698,0.0
1699,0.0
1700,3.3333333333333335e-05
1701,3.3333333333333335e-05
1702,0.0
1703,0.0
1704,3.3333333333333335e-05
1705,6.666666666666667e-05
1706,6.666666666666667e-05
1707,0.0
1708,0.0
1709,0.0001
1710,0.0
1711,0.0
1712,3.3333333333333335e-05
1713,0.0
1714,3.3333333333333335e-05
1715,0.0
1716,3.3333333333333335e-05
1717,0.00016666666666666666
1718,6.666666666666667e-05
1719,0.0
1720,0.0
1721,0.0
1722,3.3333333333333335e-05
1723,0.0
1724,0.0
1725,3.3333333333333335e-05
1726,0.0
1727,0.0
1728,0.0
1729,0.0
1730,0.0
1731,0.0
1732,0.0
1733,3.3333333333333335e-05
1734,0.0
1735,3.3333333333333335e-05
1736,0.0
1737,0.0001
1738,0.0
1739,3.3333333333333335e-05
1740,0.00013333333333333334
1741,0.0
1742,0.0
1743,0.00013333333333333334
1744,0.0
1745,0.0
1746,0.0
1747,0.0
1748,3.3333333333333335e-05
1749,0.0
1750,0.0
1751,6.666666666666667e-05
1752,6.666666666666667e-05
1753,3.3333333333333335e-05
1754,3.3333333333333335e-05
1755,0.0
1756,0.0
1757,0.0
1758,0.0
1759,0.0
1760,0.0
1761,0.0
1762,0.0
1763,0.0
1764,0.0
1765,3.3333333333333335e-05
1766,0.0
1767,0.0
1768,0.0
1769,0.0
1770,3.3333333333333335e-05
1771,3.3333333333333335e-05
1772,0.0
1773,0.0
1774,6.666666666666667e-05
1775,3.3333333333333335e-05
1776,0.0
1777,6.666666666666667e-05
1778,0.0
1779,3.3333333333333335e-05
1780,0.0
1781,0.0
1782,0.0
1783,3.3333333333333335e-05
1784,6.666666666666667e-05
1785,0.0
1786,0.0
1787,0.0
1788,0.0
1789,0.0
1790,0.0
1791,0.0
1792,3.3333333333333335e-05
1793,0.0
1794,3.3333333333333335e-05
1795,0.0
1796,0.0
1797,0.0
1798,0.0
1799,0.0
1800,0.0001
1801,3.3333333333333335e-05
1802,0.0
1803,0.0
1804,6.666666666666667e-05
1805,0.0003333333333333333
1806,0.0001
1807,0.0
1808,0.00016666666666666666
1809,0.00013333333333333334
1810,6.666666666666667e-05
1811,0.0
1812,6.666666666666667e-05
1813,0.0
1814,0.00013333333333333334
1815,0.0
1816,0.00016666666666666666
1817,0.00023333333333333333
1818,0.00013333333333333334
1819,3.3333333333333335e-05
1820,3.3333333333333335e-05
1821,0.0
1822,0.0002666666666666667
1823,6.666666666666667e-05
1824,0.0001
1825,3.3333333333333335e-05
1826,0.0
1827,0.0001
1828,0.00016666666666666666
1829,0.0
1830,0.0
1831,0.0
1832,0.0001
1833,6.666666666666667e-05
1834,0.0
1835,0.0
1836,0.0
1837,0.00013333333333333334
1838,0.0
1839,0.00013333333333333334
1840,0.0002
1841,0.0
1842,0.0002666666666666667
1843,0.00046666666666666666
1844,0.0
1845,0.0
1846,3.3333333333333335e-05
1847,0.0
1848,0.00013333333333333334
1849,3.3333333333333335e-05
1850,0.0
1851,3.3333333333333335e-05
1852,0.00013333333333333334
1853,6.666666666666667e-05
1854,0.0
1855,0.0
1856,0.0001
1857,3.3333333333333335e-05
1858,0.0
1859,3.3333333333333335e-05
1860,6.666666666666667e-05
1861,0.0
1862,0.0
1863,0.0
1864,0.0006
1865,0.00013333333333333334
1866,0.0001
1867,6.666666666666667e-05
1868,6.666666666666667e-05
1869,0.0
1870,3.3333333333333335e-05
1871,0.0
1872,0.00013333333333333334
1873,6.666666666666667e-05
1874,6.666666666666667e-05
1875,0.00013333333333333334
1876,3.3333333333333335e-05
1877,3.3333333333333335e-05
1878,0.0
1879,0.0
1880,0.0
1881,3.3333333333333335e-05
1882,0.0
1883,0.0
1884,0.0001
1885,3.3333333333333335e-05
1886,0.0
1887,0.0
1888,6.666666666666667e-05
1889,0.0
1890,0.0
1891,0.0
1892,0.0
1893,6.666666666666667e-05
1894,3.3333333333333335e-05
1895,0.0001
1896,0.0
1897,3.3333333333333335e-05
1898,3.3333333333333335e-05
1899,3.3333333333333335e-05
1900,6.666666666666667e-05
1901,0.0
1902,3.3333333333333335e-05
1903,0.0
1904,3.3333333333333335e-05
1905,3.3333333333333335e-05
1906,0.0
1907,0.0
1908,0.0
1909,6.666666666666667e-05
1910,0.0
1911,0.0
1912,0.0
1913,0.0
1914,0.0
1915,0.0
1916,6.666666666666667e-05
1917,6.666666666666667e-05
1918,0.0
1919,0.0
1920,0.0
1921,0.0
1922,3.3333333333333335e-05
1923,0.0
1924,0.0
1925,0.0
1926,0.0
1927,0.0
1928,3.3333333333333335e-05
1929,0.0
1930,0.0
1931,0.0
1932,0.0
1933,0.0
1934,0.0
1935,3.3333333333333335e-05
1936,0.0
1937,0.0
1938,0.0
1939,0.0
1940,3.3333333333333335e-05
1941,0.0
1942,0.0
1943,6.666666666666667e-05
1944,0.0
1945,0.0
1946,3.3333333333333335e-05
1947,0.0
1948,0.0
1949,0.0
1950,0.0
1951,0.0
1952,0.0
1953,0.0
1954,0.0
1955,0.0
1956,0.0
1957,0.0
1958,0.0
1959,0.0
1960,0.0
1961,0.0
1962,0.0
1963,0.0
1964,0.0
1965,0.0
1966,0.0
1967,0.0
1968,3.3333333333333335e-05
1969,0.0
1970,0.0
1971,3.3333333333333335e-05
1972,0.0
1973,0.0
1974,0.0
1975,0.0
1976,0.0
1977,3.3333333333333335e-05
1978,0.0
1979,3.3333333333333335e-05
1980,0.0
1981,0.0
1982,0.0
1983,0.0
1984,3.3333333333333335e-05
1985,0.0
1986,0.0
1987,0.0
1988,0.0
1989,0.0
1990,0.0
1991,0.0
1992,0.0
1993,3.3333333333333335e-05
1994,0.0
1995,0.0
1996,0.0
1997,0.0
1998,0.0
1999,0.0
2000,0.0003333333333333333
2001,3.3333333333333335e-05
2002,0.00016666666666666666
2003,0.0002666666666666667
2004,0.0001
2005,0.0
2006,0.0
2007,0.0
2008,0.0003
2009,0.0005333333333333334
2010,0.0
2011,0.0
2012,0.0001
2013,0.0
2014,0.0
2015,0.0
2016,0.0
2017,3.3333333333333335e-05
2018,6.666666666666667e-05
2019,0.0
2020,3.3333333333333335e-05
2021,0.0
2022,0.00016666666666666666
2023,0.0
2024,0.0
2025,6.666666666666667e-05
2026,0.0
2027,0.0
2028,0.0
2029,6.666666666666667e-05
2030,3.3333333333333335e-05
2031,0.0
2032,0.0
2033,0.0
2034,0.00016666666666666666
2035,0.0
2036,3.3333333333333335e-05
2037,0.0
2038,0.0001
2039,0.0
2040,3.3333333333333335e-05
2041,0.0
2042,3.3333333333333335e-05
2043,0.00016666666666666666
2044,0.0
2045,0.0
2046,0.0
2047,3.3333333333333335e-05
2048,0.00016666666666666666
2049,0.0
2050,0.0
2051,3.3333333333333335e-05
2052,0.0
2053,0.0001
2054,0.0
2055,0.0
2056,0.0
2057,3.3333333333333335e-05
2058,0.0
2059,0.0
2060,0.0
2061,0.0
2062,0.0
2063,0.0001
2064,0.00016666666666666666
2065,0.0
2066,3.3333333333333335e-05
2067,6.666666666666667e-05
2068,3.3333333333333335e-05
2069,0.0
2070,0.0
2071,6.666666666666667e-05
2072,0.0
2073,3.3333333333333335e-05
2074,3.3333333333333335e-05
2075,0.0
2076,3.3333333333333335e-05
2077,0.0
2078,0.0
2079,0.0
2080,3.3333333333333335e-05
2081,0.0
2082,6.666666666666667e-05
2083,0.0
2084,0.0
2085,6.666666666666667e-05
2086,0.0
2087,0.0
2088,0.0
2089,6.666666666666667e-05
2090,0.0
2091,0.0
2092,0.0
2093,0.0001
2094,0.0001
2095,0.0
2096,0.0
2097,0.0
2098,3.3333333333333335e-05
2099,0.0
2100,0.0015666666666666667
2101,0.0009
2102,0.0010333333333333334
2103,0.0004333333333333333
2104,0.0009
2105,0.0007
2106,0.00013333333333333334
2107,0.0
2108,0.0010333333333333334
2109,0.0019666666666666665
2110,0.0003333333333333333
2111,3.3333333333333335e-05
2112,0.0002666666666666667
2113,3.3333333333333335e-05
2114,0.0002666666666666667
2115,0.0003
2116,0.0008
2117,0.0006
2118,0.00046666666666666666
2119,0.0
2120,0.0002
2121,0.00023333333333333333
2122,0.0019333333333333333
2123,0.0007333333333333333
2124,3.3333333333333335e-05
2125,0.0006
2126,3.3333333333333335e-05
2127,0.00016666666666666666
2128,0.0004333333333333333
2129,0.00036666666666666667
2130,0.0003333333333333333
2131,0.0001
2132,0.0004333333333333333
2133,6.666666666666667e-05
2134,0.0006
2135,0.0004
2136,0.0003333333333333333
2137,0.0008666666666666666
2138,0.00016666666666666666
2139,0.00023333333333333333
2140,0.0006
2141,3.3333333333333335e-05
2142,0.0005333333333333334
2143,0.0010333333333333334
2144,3.3333333333333335e-05
2145,0.0001
2146,0.0005
2147,0.0
2148,0.00023333333333333333
2149,6.666666666666667e-05
2150,0.0002
2151,0.00016666666666666666
2152,0.00046666666666666666
2153,0.00023333333333333333
2154,6.666666666666667e-05
2155,0.0
2156,0.0001
2157,0.0004333333333333333
2158,0.00013333333333333334
2159,0.0003
2160,0.00013333333333333334
2161,3.3333333333333335e-05
2162,3.3333333333333335e-05
2163,0.00016666666666666666
2164,0.0024
2165,0.00023333333333333333
2166,0.0002666666666666667
2167,0.00023333333333333333
2168,0.0003
2169,6.666666666666667e-05
2170,3.3333333333333335e-05
2171,0.00013333333333333334
2172,0.00016666666666666666
2173,0.0001
2174,0.0003333333333333333
2175,0.0001
2176,0.00013333333333333334
2177,0.0004
2178,6.666666666666667e-05
2179,0.0003
2180,0.0004
2181,0.0
2182,0.0001
2183,0.0
2184,0.00016666666666666666
2185,0.00013333333333333334
2186,3.3333333333333335e-05
2187,0.0003
2188,0.00016666666666666666
2189,6.666666666666667e-05
2190,0.0
2191,0.00016666666666666666
2192,0.0
2193,0.00036666666666666667
2194,0.0002
2195,0.0004
2196,3.3333333333333335e-05
2197,0.00013333333333333334
2198,0.0
2199,3.3333333333333335e-05
2200,0.008033333333333333
2201,0.0028666666666666667
2202,0.0054
2203,0.0020666666666666667
2204,0.0035
2205,0.0019
2206,0.0004
2207,0.00016666666666666666
2208,0.005
2209,0.009
2210,0.0005
2211,0.0003
2212,0.0008333333333333334
2213,0.00036666666666666667
2214,0.0008666666666666666
2215,0.0013
2216,0.003033333333333333
2217,0.0023
2218,0.0016666666666666668
2219,0.00036666666666666667
2220,0.0003
2221,0.0006
2222,0.007233333333333333
2223,0.0021333333333333334
2224,0.0005333333333333334
2225,0.0027333333333333333
2226,0.0006
2227,0.0002666666666666667
2228,0.0013
2229,0.0012333333333333332
2230,0.0009
2231,0.00036666666666666667
2232,0.0024666666666666665
2233,0.0014333333333333333
2234,0.002033333333333333
2235,0.0006666666666666666
2236,0.0005666666666666667
2237,0.0033
2238,0.0010333333333333334
2239,0.001
2240,0.0026333333333333334
2241,0.0002666666666666667
2242,0.0020666666666666667
2243,0.0031
2244,0.0003333333333333333
2245,0.00046666666666666666
2246,0.0017333333333333333
2247,6.666666666666667e-05
2248,0.0011666666666666668
2249,0.00036666666666666667
2250,0.0006
2251,0.0003333333333333333
2252,0.0005666666666666667
2253,0.0012666666666666666
2254,0.0002
2255,0.00016666666666666666
2256,0.0006
2257,0.0011
2258,0.0009
2259,0.0004333333333333333
2260,6.666666666666667e-05
2261,0.0
2262,0.0001
2263,0.0007
2264,0.008533333333333334
2265,0.0006333333333333333
2266,0.0011
2267,0.0009666666666666667
2268,0.0010666666666666667
2269,0.0005333333333333334
2270,6.666666666666667e-05
2271,0.0009
2272,0.0010333333333333334
2273,0.0003
2274,0.0013
2275,0.0007666666666666667
2276,0.00046666666666666666
2277,0.0014666666666666667
2278,0.00023333333333333333
2279,0.0011
2280,0.0012
2281,0.0006
2282,0.0008333333333333334
2283,0.0002666666666666667
2284,0.0007
2285,0.00046666666666666666
2286,0.00013333333333333334
2287,0.0009
2288,0.0005333333333333334
2289,0.0002
2290,0.00013333333333333334
2291,0.0003
2292,6.666666666666667e-05
2293,0.0011
2294,0.00016666666666666666
2295,0.0011333333333333334
2296,0.00036666666666666667
2297,0.00023333333333333333
2298,0.0003
2299,0.0006666666666666666
2300,0.007166666666666667
2301,0.0003
2302,0.002
2303,0.0007
2304,0.0032333333333333333
2305,0.0005
2306,0.0003
2307,6.666666666666667e-05
2308,0.006966666666666667
2309,0.006066666666666666
2310,0.0001
2311,3.3333333333333335e-05
2312,0.00036666666666666667
2313,0.00046666666666666666
2314,0.00016666666666666666
2315,0.0014333333333333333
2316,0.0008333333333333334
2317,0.00013333333333333334
2318,0.0003333333333333333
2319,0.0002
2320,0.00016666666666666666
2321,0.00046666666666666666
2322,0.0051333333333333335
2323,0.0005
2324,0.0004
2325,0.002533333333333333
2326,0.0004333333333333333
2327,0.0001
2328,0.0002
2329,0.0004
2330,0.0008666666666666666
2331,0.00023333333333333333
2332,0.0021666666666666666
2333,0.0003333333333333333
2334,0.002
2335,0.0002666666666666667
2336,0.0001
2337,0.0007333333333333333
2338,0.0008666666666666666
2339,0.00016666666666666666
2340,0.0002666666666666667
2341,0.0002
2342,0.00023333333333333333
2343,0.0006
2344,3.3333333333333335e-05
2345,0.00023333333333333333
2346,0.00016666666666666666
2347,3.3333333333333335e-05
2348,0.00046666666666666666
2349,0.0002666666666666667
2350,0.0006
2351,0.0001
2352,0.0002666666666666667
2353,0.0005333333333333334
2354,0.0002666666666666667
2355,3.3333333333333335e-05
2356,0.00016666666666666666
2357,0.0005666666666666667
2358,0.0003333333333333333
2359,0.0005
2360,6.666666666666667e-05
2361,3.3333333333333335e-05
2362,3.3333333333333335e-05
2363,0.0005
2364,0.0019333333333333333
2365,0.0
2366,0.0002666666666666667
2367,0.0002666666666666667
2368,0.00016666666666666666
2369,6.666666666666667e-05
2370,6.666666666666667e-05
2371,0.00046666666666666666
2372,0.0002
2373,3.3333333333333335e-05
2374,0.00046666666666666666
2375,0.0001
2376,0.00016666666666666666
2377,0.0002666666666666667
2378,0.00023333333333333333
2379,0.0005333333333333334
2380,0.0004
2381,0.0004
2382,0.0007666666666666667
2383,0.0002666666666666667
2384,6.666666666666667e-05
2385,6.666666666666667e-05
2386,0.0001
2387,0.00036666666666666667
2388,0.0002666666666666667
2389,0.0
2390,0.0001
2391,6.666666666666667e-05
2392,0.0
2393,0.0006666666666666666
2394,3.3333333333333335e-05
2395,0.00023333333333333333
2396,0.0002
2397,3.3333333333333335e-05
2398,0.0
2399,0.00046666666666666666
2400,0.00036666666666666667
2401,0.00013333333333333334
2402,0.0002
2403,0.00013333333333333334
2404,0.0
2405,3.3333333333333335e-05
2406,0.0
2407,0.0
2408,0.00013333333333333334
2409,0.0001
2410,0.0
2411,0.0
2412,3.3333333333333335e-05
2413,0.0
2414,0.0
2415,6.666666666666667e-05
2416,0.0
2417,3.3333333333333335e-05
2418,0.0
2419,6.666666666666667e-05
2420,3.3333333333333335e-05
2421,0.0
2422,0.00023333333333333333
2423,0.0
2424,3.3333333333333335e-05
2425,6.666666666666667e-05
2426,3.3333333333333335e-05
2427,0.0
2428,0.0
2429,0.0001
2430,3.3333333333333335e-05
2431,0.0
2432,0.0001
2433,0.0
2434,0.0001
2435,0.0
2436,3.3333333333333335e-05
2437,0.0
2438,6.666666666666667e-05
2439,6.666666666666667e-05
2440,0.00013333333333333334
2441,0.0
2442,3.3333333333333335e-05
2443,0.0001
2444,0.0
2445,3.3333333333333335e-05
2446,0.0
2447,0.0
2448,0.0
2449,0.0
2450,0.0
2451,0.0
2452,3.3333333333333335e-05
2453,0.0
2454,0.0
2455,0.0
2456,0.0
2457,0.0
2458,0.0
2459,0.0
2460,0.0
2461,0.0
2462,0.0
2463,0.0
2464,0.00016666666666666666
2465,0.0
2466,0.0
2467,3.3333333333333335e-05
2468,0.0
2469,0.0
2470,0.0
2471,0.0
2472,0.0
2473,0.0
2474,6.666666666666667e-05
2475,3.3333333333333335e-05
2476,6.666666666666667e-05
2477,6.666666666666667e-05
2478,0.0
2479,3.3333333333333335e-05
2480,3.3333333333333335e-05
2481,3.3333333333333335e-05
2482,3.3333333333333335e-05
2483,0.0
2484,0.0
2485,0.0
2486,3.3333333333333335e-05
2487,3.3333333333333335e-05
2488,3.3333333333333335e-05
2489,3.3333333333333335e-05
2490,0.0
2491,0.0
2492,0.0
2493,3.3333333333333335e-05
2494,0.0
2495,3.3333333333333335e-05
2496,0.0
2497,0.0
2498,0.0
2499,0.0
2500,0.0029333333333333334
2501,0.0018333333333333333
2502,0.0013
2503,0.0005
2504,0.0012666666666666666
2505,0.001
2506,0.0003
2507,3.3333333333333335e-05
2508,0.002533333333333333
2509,0.0033666666666666667
2510,0.00046666666666666666
2511,3.3333333333333335e-05
2512,0.0003333333333333333
2513,0.00023333333333333333
2514,0.0002
2515,0.0007333333333333333
2516,0.0015333333333333334
2517,0.0010666666666666667
2518,0.0008666666666666666
2519,0.00016666666666666666
2520,0.00016666666666666666
2521,0.00016666666666666666
2522,0.0023666666666666667
2523,0.0012333333333333332
2524,0.0001
2525,0.0014333333333333333
2526,0.00023333333333333333
2527,0.0003
2528,0.0008
2529,0.0005333333333333334
2530,0.0002
2531,0.00046666666666666666
2532,0.001
2533,0.0005333333333333334
2534,0.0008
2535,0.0004333333333333333
2536,0.00046666666666666666
2537,0.0016666666666666668
2538,0.0002666666666666667
2539,0.0004333333333333333
2540,0.0011
2541,0.0001
2542,0.0009666666666666667
2543,0.0014333333333333333
2544,0.00013333333333333334
2545,3.3333333333333335e-05
2546,0.0009333333333333333
2547,6.666666666666667e-05
2548,0.0005
2549,0.0001
2550,0.0002666666666666667
2551,0.00036666666666666667
2552,0.0004333333333333333
2553,0.0006
2554,0.00016666666666666666
2555,0.0
2556,0.0002
2557,0.0005333333333333334
2558,0.00046666666666666666
2559,0.0003333333333333333
2560,0.0001
2561,0.0
2562,0.0
2563,0.0002666666666666667
2564,0.0036
2565,0.0004333333333333333
2566,0.0005333333333333334
2567,0.0002
2568,0.0003333333333333333
2569,0.0003333333333333333
2570,6.666666666666667e-05
2571,0.0003
2572,0.0004333333333333333
2573,0.0002
2574,0.00036666666666666667
2575,0.0004
2576,6.666666666666667e-05
2577,0.0008
2578,0.0001
2579,0.0004
2580,0.0006
2581,0.00013333333333333334
2582,0.0003
2583,0.0002666666666666667
2584,0.0002
2585,0.00023333333333333333
2586,0.0001
2587,0.00016666666666666666
2588,0.0002666666666666667
2589,0.00013333333333333334
2590,6.666666666666667e-05
2591,3.3333333333333335e-05
2592,0.00013333333333333334
2593,0.0005
2594,0.00016666666666666666
2595,0.00046666666666666666
2596,0.00013333333333333334
2597,0.00013333333333333334
2598,0.0
2599,0.0003
2600,0.006
2601,0.0024333333333333334
2602,0.0027
2603,0.0012
2604,0.0027333333333333333
2605,0.0010666666666666667
2606,0.0004
2607,0.0002
2608,0.0046
2609,0.0057
2610,0.0005666666666666667
2611,0.0002666666666666667
2612,0.0004333333333333333
2613,0.0003333333333333333
2614,0.0004
2615,0.0009333333333333333
2616,0.0021333333333333334
2617,0.0013333333333333333
2618,0.0008
2619,0.0002666666666666667
2620,0.0003333333333333333
2621,0.00023333333333333333
2622,0.004933333333333333
2623,0.0011666666666666668
2624,0.00013333333333333334
2625,0.0017
2626,0.0002666666666666667
2627,0.00023333333333333333
2628,0.0007333333333333333
2629,0.0008
2630,0.00046666666666666666
2631,0.00013333333333333334
2632,0.0018
2633,0.0005666666666666667
2634,0.0016666666666666668
2635,0.0006
2636,0.0007
2637,0.002766666666666667
2638,0.0009333333333333333
2639,0.0005666666666666667
2640,0.0017666666666666666
2641,0.0002
2642,0.0017
2643,0.0020666666666666667
2644,0.0
2645,0.0004333333333333333
2646,0.0014
2647,0.0001
2648,0.0007
2649,0.00023333333333333333
2650,0.0008333333333333334
2651,0.0006
2652,0.00046666666666666666
2653,0.0006666666666666666
2654,0.00013333333333333334
2655,3.3333333333333335e-05
2656,0.00016666666666666666
2657,0.0006666666666666666
2658,0.00046666666666666666
2659,0.0005333333333333334
2660,0.0002
2661,0.0
2662,6.666666666666667e-05
2663,0.0005
2664,0.006166666666666667
2665,0.00046666666666666666
2666,0.0003333333333333333
2667,0.0004333333333333333
2668,0.0005666666666666667
2669,0.0003
2670,0.00016666666666666666
2671,0.0007333333333333333
2672,0.00046666666666666666
2673,0.0002
2674,0.0006333333333333333
2675,0.0005
2676,0.00013333333333333334
2677,0.0008
2678,0.0002666666666666667
2679,0.00023333333333333333
2680,0.0008
2681,0.0005
2682,0.0007666666666666667
2683,6.666666666666667e-05
2684,0.0004
2685,0.0003333333333333333
2686,0.00023333333333333333
2687,0.00036666666666666667
2688,0.0004333333333333333
2689,0.0002666666666666667
2690,3.3333333333333335e-05
2691,6.666666666666667e-05
2692,6.666666666666667e-05
2693,0.0005666666666666667
2694,0.0001
2695,0.0005666666666666667
2696,0.0004
2697,0.0001
2698,0.0001
2699,0.00036666666666666667
2700,0.006033333333333333
2701,0.0003333333333333333
2702,0.0018
2703,0.0009
2704,0.0024666666666666665
2705,0.0004333333333333333
2706,0.0001
2707,0.0002
2708,0.006033333333333333
2709,0.0038666666666666667
2710,0.0002
2711,6.666666666666667e-05
2712,0.00013333333333333334
2713,0.0007333333333333333
2714,0.0001
2715,0.0016
2716,0.0006666666666666666
2717,0.0001
2718,0.0003
2719,0.0003333333333333333
2720,3.3333333333333335e-05
2721,0.0003
2722,0.004033333333333333
2723,0.0004333333333333333
2724,0.0001
2725,0.0016
2726,0.0005333333333333334
2727,6.666666666666667e-05
2728,0.00016666666666666666
2729,0.00023333333333333333
2730,0.0005666666666666667
2731,6.666666666666667e-05
2732,0.0018666666666666666
2733,0.0003
2734,0.0018333333333333333
2735,0.0002666666666666667
2736,0.0002
2737,0.0011
2738,0.0011
2739,0.0001
2740,0.00023333333333333333
2741,0.0002666666666666667
2742,0.0002666666666666667
2743,0.0003333333333333333
2744,0.00016666666666666666
2745,0.00036666666666666667
2746,0.0002
2747,6.666666666666667e-05
2748,0.00016666666666666666
2749,0.0002
2750,0.0005
2751,6.666666666666667e-05
2752,0.00013333333333333334
2753,0.00046666666666666666
2754,0.00013333333333333334
2755,0.0001
2756,0.00013333333333333334
2757,0.0003
2758,0.0001
2759,0.00046666666666666666
2760,3.3333333333333335e-05
2761,0.0
2762,6.666666666666667e-05
2763,0.00046666666666666666
2764,0.0016333333333333334
2765,0.00013333333333333334
2766,0.0003333333333333333
2767,0.0003
2768,0.0002666666666666667
2769,6.666666666666667e-05
2770,6.666666666666667e-05
2771,0.0005666666666666667
2772,0.0006666666666666666
2773,0.00013333333333333334
2774,0.00016666666666666666
2775,0.0001
2776,3.3333333333333335e-05
2777,0.00013333333333333334
2778,0.00023333333333333333
2779,0.0003333333333333333
2780,0.0002666666666666667
2781,0.00016666666666666666
2782,0.0008333333333333334
2783,0.0002
2784,0.00013333333333333334
2785,0.00013333333333333334
2786,0.0001
2787,0.00036666666666666667
2788,0.00013333333333333334
2789,0.0
2790,0.0
2791,3.3333333333333335e-05
2792,0.0
2793,0.0003
2794,3.3333333333333335e-05
2795,0.0001
2796,0.0002
2797,0.0
2798,3.3333333333333335e-05
2799,0.00016666666666666666
2800,0.0
2801,3.3333333333333335e-05
2802,6.666666666666667e-05
2803,0.0
2804,0.0
2805,0.0
2806,0.0
2807,0.0
2808,0.0
2809,0.0
2810,0.0
2811,0.0
2812,0.0
2813,0.0
2814,0.0
2815,0.0
2816,0.0
2817,0.0
2818,0.0
2819,0.0
2820,0.0
2821,0.0
2822,0.0
2823,0.0
2824,0.0
2825,0.0
2826,0.0
2827,0.0
2828,0.0
2829,0.0
2830,0.0
2831,0.0
2832,0.0
2833,0.0
2834,0.0
2835,0.0
2836,0.0
2837,0.0
2838,0.0
2839,0.0
2840,0.0
2841,0.0
2842,0.0
2843,0.0
2844,0.0
2845,0.0
2846,0.0
2847,0.0
2848,0.0
2849,0.0
2850,0.0
2851,0.0
2852,0.0
2853,0.0
2854,0.0
2855,0.0
2856,0.0
2857,0.0
2858,0.0
2859,3.3333333333333335e-05
2860,0.0
2861,0.0
2862,0.0
2863,0.0
2864,0.0
2865,0.0
2866,0.0
2867,0.0
2868,0.0
2869,0.0
2870,0.0
2871,0.0
2872,0.0
2873,0.0
2874,0.0
2875,0.0
2876,0.0
2877,0.0
2878,0.0
2879,0.0
2880,0.0
2881,0.0
2882,0.0
2883,0.0
2884,0.0
2885,0.0
2886,0.0
2887,0.0
2888,0.0
2889,0.0
2890,0.0
2891,0.0
2892,0.0
2893,0.0
2894,0.0
2895,0.0
2896,0.0
2897,0.0
2898,0.0
2899,0.0
2900,6.666666666666667e-05
2901,0.0001
2902,0.0001
2903,3.3333333333333335e-05
2904,0.0002
2905,3.3333333333333335e-05
2906,3.3333333333333335e-05
2907,0.0
2908,0.00013333333333333334
2909,0.00023333333333333333
2910,0.0
2911,0.0
2912,3.3333333333333335e-05
2913,0.0
2914,0.0
2915,3.3333333333333335e-05
2916,0.00013333333333333334
2917,0.0001
2918,0.0
2919,0.0
2920,0.0
2921,0.0
2922,0.00013333333333333334
2923,3.3333333333333335e-05
2924,3.3333333333333335e-05
2925,0.0
2926,0.0
2927,0.0
2928,6.666666666666667e-05
2929,6.666666666666667e-05
2930,0.0001
2931,0.0
2932,6.666666666666667e-05
2933,3.3333333333333335e-05
2934,6.666666666666667e-05
2935,3.3333333333333335e-05
2936,0.0
2937,6.666666666666667e-05
2938,0.0
2939,6.666666666666667e-05
2940,3.3333333333333335e-05
2941,0.0
2942,3.3333333333333335e-05
2943,0.0002
2944,3.3333333333333335e-05
2945,0.0
2946,3.3333333333333335e-05
2947,0.0
2948,3.3333333333333335e-05
2949,0.0
2950,0.00013333333333333334
2951,0.0
2952,3.3333333333333335e-05
2953,6.666666666666667e-05
2954,3.3333333333333335e-05
2955,3.3333333333333335e-05
2956,0.0
2957,0.0
2958,6.666666666666667e-05
2959,0.0
2960,0.0
2961,0.0
2962,0.0
2963,3.3333333333333335e-05
2964,0.00023333333333333333
2965,3.3333333333333335e-05
2966,0.0
2967,3.3333333333333335e-05
2968,0.0
2969,3.3333333333333335e-05
2970,0.0
2971,0.0
2972,3.3333333333333335e-05
2973,0.0
2974,3.3333333333333335e-05
2975,3.3333333333333335e-05
2976,3.3333333333333335e-05
2977,3.3333333333333335e-05
2978,0.0
2979,0.0
2980,0.0001
2981,0.0
2982,0.0
2983,3.3333333333333335e-05
2984,0.0
2985,0.0
2986,0.0
2987,6.666666666666667e-05
2988,3.3333333333333335e-05
2989,0.0
2990,0.0
2991,0.0
2992,0.0
2993,0.0
2994,0.0
2995,6.666666666666667e-05
2996,0.0
2997,0.0
2998,0.0
2999,0.0
3000,0.00013333333333333334
3001,0.00013333333333333334
3002,0.00013333333333333334
3003,0.00013333333333333334
3004,0.0002666666666666667
3005,3.3333333333333335e-05
3006,0.0
3007,0.0
3008,0.0001
3009,0.00013333333333333334
3010,0.0
3011,0.0
3012,0.0
3013,3.3333333333333335e-05
3014,3.3333333333333335e-05
3015,0.00013333333333333334
3016,0.0001
3017,3.3333333333333335e-05
3018,0.0
3019,3.3333333333333335e-05
3020,0.0
3021,3.3333333333333335e-05
3022,0.0002
3023,3.3333333333333335e-05
3024,0.0
3025,0.00016666666666666666
3026,3.3333333333333335e-05
3027,3.3333333333333335e-05
3028,0.0
3029,0.0
3030,0.0
3031,0.0
3032,6.666666666666667e-05
3033,0.0
3034,3.3333333333333335e-05
3035,0.0
3036,0.0
3037,0.00013333333333333334
3038,0.0
3039,0.0
3040,6.666666666666667e-05
3041,0.0
3042,0.0
3043,3.3333333333333335e-05
3044,0.0
3045,0.0
3046,3.3333333333333335e-05
3047,0.0
3048,0.0
3049,0.0
3050,0.0
3051,0.0
3052,3.3333333333333335e-05
3053,3.3333333333333335e-05
3054,0.0
3055,0.0
3056,0.0
3057,6.666666666666667e-05
3058,0.0
3059,0.0
3060,0.0
3061,0.0
3062,0.0
3063,0.0
3064,6.666666666666667e-05
3065,0.0
3066,0.0
3067,0.0
3068,0.0
3069,3.3333333333333335e-05
3070,3.3333333333333335e-05
3071,3.3333333333333335e-05
3072,3.3333333333333335e-05
3073,0.0
3074,0.0
3075,0.0
3076,3.3333333333333335e-05
3077,6.666666666666667e-05
3078,0.0
3079,0.0
3080,0.0
3081,0.0
3082,3.3333333333333335e-05
3083,0.0
3084,0.0
3085,0.0
3086,0.0
3087,3.3333333333333335e-05
3088,0.0
3089,0.0
3090,3.3333333333333335e-05
3091,0.0
3092,0.0
3093,0.0
3094,0.0
3095,0.0
3096,0.0
3097,0.0
3098,0.0
3099,0.0
3100,0.00016666666666666666
3101,6.666666666666667e-05
3102,0.0002
3103,0.0
3104,0.0002
3105,0.0
3106,0.0
3107,6.666666666666667e-05
3108,0.0002
3109,0.0002666666666666667
3110,0.0
3111,0.0
3112,0.0
3113,3.3333333333333335e-05
3114,0.0
3115,0.0001
3116,0.0
3117,0.0
3118,0.0
3119,3.3333333333333335e-05
3120,0.0
3121,6.666666666666667e-05
3122,6.666666666666667e-05
3123,0.0
3124,0.0
3125,6.666666666666667e-05
3126,3.3333333333333335e-05
3127,0.0
3128,0.0
3129,0.0
3130,6.666666666666667e-05
3131,0.0
3132,0.0001
3133,3.3333333333333335e-05
3134,0.0001
3135,3.3333333333333335e-05
3136,0.0
3137,0.0
3138,0.0
3139,0.0
3140,6.666666666666667e-05
3141,6.666666666666667e-05
3142,3.3333333333333335e-05
3143,3.3333333333333335e-05
3144,0.0
3145,0.0001
3146,0.0
3147,0.0
3148,3.3333333333333335e-05
3149,0.0
3150,6.666666666666667e-05
3151,0.0
3152,0.0
3153,0.0
3154,0.0
3155,0.0
3156,0.0
3157,3.3333333333333335e-05
3158,0.0
3159,3.3333333333333335e-05
3160,0.0
3161,0.0
3162,0.0
3163,0.0
3164,0.0001
3165,0.0
3166,0.0
3167,3.3333333333333335e-05
3168,0.0
3169,0.0
3170,0.0
3171,6.666666666666667e-05
3172,3.3333333333333335e-05
3173,0.0
3174,3.3333333333333335e-05
3175,0.0
3176,0.0
3177,0.0
3178,0.0
3179,0.0
3180,0.0
3181,0.0
3182,3.3333333333333335e-05
3183,0.0
3184,0.0
3185,0.0
3186,3.3333333333333335e-05
3187,0.0
3188,0.0
3189,0.0
3190,0.0
3191,0.0
3192,0.0
3193,0.0
3194,0.0
3195,0.0
3196,0.0
3197,0.0
3198,0.0
3199,0.0
